row	rank	word	english	cefrLevel	source	flags
7001	7043	scheinheilig	hypocritical/sanctimonious	UNSET	UNSET	
7002	7044	schiedsrichterlich	arbitral / of the referee	UNSET	UNSET	
7003	7045	schienengebunden	rail-bound	UNSET	UNSET	
7004	7046	schlafähnlich	sleep-like	UNSET	UNSET	
7005	7047	schlampig	sloppy/slovenly/slipshod	UNSET	UNSET	
7006	7048	schlängelnd	meandering/winding	UNSET	UNSET	
7007	7049	schmucklos	plain/unadorned	UNSET	UNSET	
7008	7050	schneebehangen	snow-covered	UNSET	UNSET	
7009	7051	schnieke	dressy/great/snazzy	UNSET	UNSET	
7010	7052	schnulzig	cheesy/sentimental	UNSET	UNSET	
7011	7053	schrottreif	fit for the scrapyard	UNSET	UNSET	
7012	7054	schulterfrei	off-the-shoulder / bare-shouldered	UNSET	UNSET	
7013	7055	schulterlang	shoulder-length	UNSET	UNSET	
7014	7056	schulterzuckend	shrugging	UNSET	UNSET	
7015	7057	schusselig	absent-minded	C1	UNSET	
7016	7058	schwarzhumorig	black-humoured	UNSET	UNSET	
7017	7059	schwärzlich	blackish	UNSET	UNSET	
7018	7060	schwarzweiß	black-and-white	UNSET	UNSET	
7019	7061	schweigsam	silent/taciturn	UNSET	UNSET	
7020	7062	schweißgebadet	drenched in sweat	UNSET	UNSET	
7021	7063	schwerreich	filthy rich	UNSET	UNSET	
7022	7064	schwielig	calloused	UNSET	UNSET	
7023	7065	sechsgeschossig	six-storey	UNSET	UNSET	
7024	7066	sechsmalig	six-time/sixfold	UNSET	UNSET	
7025	7067	sechssemestrig	six-semester	UNSET	UNSET	
7026	7068	seeseitig	lakeside/seaside	UNSET	UNSET	
7027	7069	seiden	silk/silken	UNSET	UNSET	
7028	7070	seidenweich	silky-soft	UNSET	UNSET	
7029	7071	sekündlich	second by second	UNSET	UNSET	
7030	7072	selbstbezüglich	self-referential	UNSET	UNSET	
7031	7073	selbstgebraut	home-brewed/homebrewed	UNSET	UNSET	
7032	7074	selbstgenäht	home-made / sewn oneself	UNSET	UNSET	
7033	7075	selbstherrlich	high-handed/overbearing	UNSET	UNSET	
7034	7076	selbstzerstörerisch	self-destructive	UNSET	UNSET	
7035	7077	semiotisch	semiotic	UNSET	UNSET	
7036	7078	septisch	septic	UNSET	UNSET	
7037	7079	serifenlos	sans-serif	UNSET	UNSET	
7038	7080	sichelförmig	crescent-shaped	UNSET	UNSET	
7039	7081	siebenstöckig	seven-storey	UNSET	UNSET	
7040	7082	siebenstufig	seven-step	UNSET	UNSET	
7041	7083	siebenstündig	seven-hour	UNSET	UNSET	
7042	7084	simbabwisch	Zimbabwean	UNSET	UNSET	
7043	7085	sinnfrei	absurd/futile/meaningless	UNSET	UNSET	
7044	7086	solid	solid/sturdy	UNSET	UNSET	
7045	7087	spannungsfrei	stress-free (material) / voltage-free (electrical)	UNSET	UNSET	
7046	7088	spassig	fun	UNSET	UNSET	
7047	7089	spätabendlich	late-evening	UNSET	UNSET	
7048	7090	spendabel	generous	UNSET	UNSET	
7049	7092	sprachgeschichtlich	linguistic-historical	UNSET	UNSET	
7050	7093	sprachgewandt	eloquent	UNSET	UNSET	
7051	7094	spruchreif	definite/official	UNSET	UNSET	
7052	7095	staatenbildend	state-forming/colonial (insects)	UNSET	UNSET	
7053	7096	staatsgefährdend	endangering the state	UNSET	UNSET	
7054	7097	stadtbremisch	of the city of Bremen (as opposed to the Land)	UNSET	UNSET	
7055	7098	stahlblau	steel blue	UNSET	UNSET	
7056	7099	stahlhart	steel-hard	UNSET	UNSET	
7057	7100	startberechtigt	eligible to start	UNSET	UNSET	
7058	7101	statthaft	allowed	UNSET	UNSET	
7059	7102	sterisch	steric	UNSET	UNSET	
7060	7103	stichprobenhaft	by random sample	UNSET	UNSET	
7061	7104	stirnrunzelnd	frowning	UNSET	UNSET	
7062	7105	stocksteif	stiff as a board	UNSET	UNSET	
7063	7106	stoßartig	abrupt/jerky	UNSET	UNSET	
7064	7107	strafmündig	criminally liable/of age for criminal responsibility	UNSET	UNSET	
7065	7108	strahlenförmig	radial/radiating	UNSET	UNSET	
7066	7109	strandnah	close to the beach	UNSET	UNSET	
7067	7110	stressresistent	stress-resistant	UNSET	UNSET	
7068	7111	stupide	stupid/mindless	UNSET	UNSET	
7069	7112	submukös	submucous	UNSET	UNSET	
7070	7113	suchtbedingt	conditioned by addiction	UNSET	UNSET	
7071	7114	suchtpräventiv	addiction-preventive	UNSET	UNSET	
7072	7115	südenglisch	southern English	UNSET	UNSET	
7073	7116	südindisch	South Indian	UNSET	UNSET	
7074	7117	süditalienisch	South Italian	UNSET	UNSET	
7075	7118	süffisant	smug	UNSET	UNSET	
7076	7119	sumerisch	Sumerian	UNSET	UNSET	
7077	7120	supertoll	super great	UNSET	UNSET	
7078	7121	synästhetisch	synaesthetic	UNSET	UNSET	
7079	7122	synkretistisch	syncretistic	UNSET	UNSET	
7080	7123	synoptisch	synoptic/synoptical	UNSET	UNSET	
7081	7124	syntaktisch	syntactic/syntactical/syntactically	UNSET	UNSET	
7082	7125	szenetypisch	typical of the scene	UNSET	UNSET	
7083	7126	tadschikisch	Tajik	UNSET	UNSET	
7084	7127	taggleich	same-day	UNSET	UNSET	
7085	7128	taghell	as bright as day	UNSET	UNSET	
7086	7129	talentfrei	ungifted	UNSET	UNSET	
7087	7130	tasmanisch	Tasmanian	UNSET	UNSET	
7088	7131	teilnahmslos	apathetic/impassive/indifferent	UNSET	UNSET	
7089	7132	tellergroß	plate-sized	UNSET	UNSET	
7090	7133	temperaturbeständig	heat-resistant/temperature-resistant/thermoresistant	UNSET	UNSET	
7091	7134	terminal	terminal	UNSET	UNSET	
7092	7135	terrassenförmig	terraced/terrace-shaped	UNSET	UNSET	
7093	7136	theokratisch	theocratic	UNSET	UNSET	
7094	7137	therapieresistent	treatment-resistant	UNSET	UNSET	
7095	7138	todsicher	dead sure	UNSET	UNSET	
7096	7139	tolerabel	tolerable	UNSET	UNSET	
7097	7140	tollkühn	foolhardy/daring	UNSET	UNSET	
7098	7141	topfit	in top form	UNSET	UNSET	
7099	7142	töricht	foolish	UNSET	UNSET	
7100	7143	totgeboren	stillborn	UNSET	UNSET	
7101	7144	traditionalistisch	traditionalist	UNSET	UNSET	
7102	7145	trägerlos	strapless	UNSET	UNSET	
7103	7146	trainingswissenschaftlich	sports-science-related	UNSET	UNSET	
7104	7147	tränenreich	lachrymose/tearful/teary	UNSET	UNSET	
7105	7148	transitiv	transitive	UNSET	UNSET	
7106	7149	transregional	transregional	UNSET	UNSET	
7107	7150	transzendent	transcendent	UNSET	UNSET	
7108	7151	tribal	tribal	UNSET	UNSET	
7109	7152	trigonometrisch	trigonometric/trigonometrical	UNSET	UNSET	
7110	7153	trinkbar	drinkable/potable	UNSET	UNSET	
7111	7154	turkmenisch	Turkmen	UNSET	UNSET	
7112	7155	tyrannisch	tyrannical	UNSET	UNSET	
7113	7156	überreif	overripe	UNSET	UNSET	
7114	7157	überrumpelt	caught off guard	UNSET	UNSET	
7115	7158	übersättigt	saturated/glutted (market); satiated, jaded (person)	UNSET	UNSET	
7116	7159	überspannt	overwrought/high-strung/exaggerated	UNSET	UNSET	
7117	7160	überwindbar	surmountable/conquerable	UNSET	UNSET	
7118	7161	ulkig	funny/odd/peculiar	UNSET	UNSET	
7119	7162	ultranationalistisch	ultranationalist	UNSET	UNSET	
7120	7163	umgänglich	affable/affably/agreeable	UNSET	UNSET	
7121	7164	umseitig	on the reverse/next page	UNSET	UNSET	
7122	7165	umstandslos	without further ado/without fuss	UNSET	UNSET	
7123	7166	unabänderlich	unchangeable	UNSET	UNSET	
7124	7167	unanständig	indecent	UNSET	UNSET	
7125	7168	unausgegoren	half-baked	UNSET	UNSET	
7126	7169	unbeheizt	unheated	UNSET	UNSET	
7127	7170	unbeobachtet	unobserved	UNSET	UNSET	
7128	7171	unbescholten	of good character / with a clean record	UNSET	UNSET	
7129	7172	unbesiedelt	uninhabited	UNSET	UNSET	
7130	7173	unbestätigt	unconfirmed	UNSET	UNSET	
7131	7174	unbeugsam	unyielding	UNSET	UNSET	
7132	7175	unbezwingbar	invincible	UNSET	UNSET	
7133	7176	undiszipliniert	undisciplined	UNSET	UNSET	
7134	7177	undogmatisch	undogmatic	UNSET	UNSET	
7135	7178	undurchdringlich	impenetrable	UNSET	UNSET	
7136	7179	unehrlich	dishonest first	UNSET	UNSET	
7137	7180	uneindeutig	ambiguous	UNSET	UNSET	
7138	7181	uneinholbar	uncatchable/unbeatable	UNSET	UNSET	
7139	7182	unerhört	outrageous/unheard-of	UNSET	UNSET	
7140	7183	unerwidert	unrequited	UNSET	UNSET	
7141	7184	ungebührlich	unseemly/inappropriate	UNSET	UNSET	
7142	7185	ungefärbt	uncolored/undyed	UNSET	UNSET	
7143	7186	ungepolstert	unpadded	UNSET	UNSET	
7144	7187	ungerührt	unmoved/unperturbed	UNSET	UNSET	
7145	7188	ungesühnt	unpunished	UNSET	UNSET	
7146	7189	ungetauft	unbaptised	UNSET	UNSET	
7147	7190	ungezähmt	untamed	UNSET	UNSET	
7148	7191	ungezogen	ill-mannered/rude	UNSET	UNSET	
7149	7192	unhörbar	inaudible	UNSET	UNSET	
7150	7193	uninformiert	uninformed	UNSET	UNSET	
7151	7194	unkreativ	uncreative	UNSET	UNSET	
7152	7195	unlizenziert	unlicensed	UNSET	UNSET	
7153	7196	unmündig	under age / not of legal age (figuratively: not yet independent)	UNSET	UNSET	
7154	7197	unpfändbar	unattachable (legal)	UNSET	UNSET	
7155	7198	unredlich	dishonest	UNSET	UNSET	
7156	7199	unregistriert	unregistered	UNSET	UNSET	
7157	7200	unsittlich	indecent	UNSET	UNSET	
7158	7201	unstillbar	insatiable/unquenchable	UNSET	UNSET	
7159	7202	unsympathisch	disagreeable/unpleasant	A2	UNSET	
7160	7203	unsystematisch	unsystematic	UNSET	UNSET	
7161	7204	untadelig	impeccable/blameless	UNSET	UNSET	
7162	7205	unterklassig	lower-division / lower-league (sport); also lower-class	UNSET	UNSET	
7163	7206	unterlaufen	bloodshot (mit Blut unterlaufen); as a participle: circumvented	UNSET	UNSET	
7164	7207	unterproportional	disproportionately low	UNSET	UNSET	
7165	7208	unterschiedslos	indiscriminate / without distinction	UNSET	UNSET	
7166	7209	unterseeisch	submarine	UNSET	UNSET	
7167	7210	untersetzt	thickset	UNSET	UNSET	
7168	7211	untrainiert	untrained	UNSET	UNSET	
7169	7212	untrüglich	infallible	UNSET	UNSET	
7170	7213	unüberbrückbar	unbridgeable	UNSET	UNSET	
7171	7214	unumschränkt	unlimited/absolute	UNSET	UNSET	
7172	7215	unveränderlich	immutable/unalterable/unchangeable	UNSET	UNSET	
7173	7216	unverantwortbar	indefensible/unjustifiable	UNSET	UNSET	
7174	7217	unverblümt	blunt/plain-spoken	UNSET	UNSET	
7175	7218	unverfallbar	non-forfeitable	UNSET	UNSET	
7176	7219	unverhohlen	undisguised/open/overt	UNSET	UNSET	
7177	7220	unverschlossen	unlocked/open	B2	UNSET	
7178	7221	unversiegelt	unsealed	UNSET	UNSET	
7179	7222	unwägbar	imponderable/incalculable/unpredictable	UNSET	UNSET	
7180	7223	unwiderlegbar	irrefutable	UNSET	UNSET	
7181	7224	unwissenschaftlich	unscientific/unscientifically	UNSET	UNSET	
7182	7225	unzerstörbar	indestructible	UNSET	UNSET	
7183	7226	urbar	arable/cultivable	UNSET	UNSET	
7184	7227	urwaldartig	jungle-like	UNSET	UNSET	
7185	7228	vaterlos	fatherless	UNSET	UNSET	
7186	7229	vektoriell	vectorial	UNSET	UNSET	
7187	7230	verbohrt	narrow-minded	UNSET	UNSET	
7188	7231	vererbbar	heritable	UNSET	UNSET	
7189	7232	verflixt	damned/darned	UNSET	UNSET	
7190	7233	verhaltensgestört	behaviourally disturbed	UNSET	UNSET	
7191	7234	verkehrsüblich	customary in commercial dealings	UNSET	UNSET	
7192	7235	verkopft	overly cerebral	UNSET	UNSET	
7193	7236	verleumderisch	libellous/libelous/slanderous	UNSET	UNSET	
7194	7237	verlogen	mendacious/deceitful/hypocritical	UNSET	UNSET	
7195	7238	verlustig	verlustig gehen	UNSET	UNSET	
7196	7239	verlustpunktfrei	without dropping a point (sports)	UNSET	UNSET	
7197	7240	verlustreich	costly/with heavy losses	UNSET	UNSET	
7198	7241	vermaledeit	accursed/cursed/damned	UNSET	UNSET	
7199	7242	verqualmt	smoke-filled	UNSET	UNSET	
7200	7243	versaut	raunchy/swinish	UNSET	UNSET	
7201	7244	verschriftlicht	written down	UNSET	UNSET	
7202	7245	versicherbar	insurable	UNSET	UNSET	
7203	7246	versöhnlich	conciliatory/placatory	UNSET	UNSET	
7204	7247	verstohlen	furtive/stealthy/surreptitious	UNSET	UNSET	
7205	7248	vertragswidrig	in breach of contract	UNSET	UNSET	
7206	7249	verweichlicht	softened/coddled	UNSET	UNSET	
7207	7250	verworfen	rejected/depraved	UNSET	UNSET	
7208	7251	verzagt	disheartened	UNSET	UNSET	
7209	7252	vestibulär	vestibular	UNSET	UNSET	
7210	7253	vielsprachig	multilingual	B2	UNSET	
7211	7254	vierdimensional	four-dimensional	UNSET	UNSET	
7212	7255	vierhändig	four-handed	UNSET	UNSET	
7213	7256	vierprozentig	four per cent	UNSET	UNSET	
7214	7257	vierseitig	four-page/four-sided	UNSET	UNSET	
7215	7258	viersitzig	four-seater	UNSET	UNSET	
7216	7259	viersprachig	four-language	UNSET	UNSET	
7217	7260	vierzehnjährig	fourteen-year-old	UNSET	UNSET	
7218	7261	virologisch	virological	UNSET	UNSET	
7219	7262	visafrei	visa-free	UNSET	UNSET	
7220	7263	viskos	viscous	UNSET	UNSET	
7221	7264	vorderasiatisch	Near Eastern/Western Asiatic	UNSET	UNSET	
7222	7265	vorehelich	premarital	UNSET	UNSET	
7223	7266	vorgängig	prior/previous	UNSET	UNSET	
7224	7267	vorurteilsbehaftet	prejudiced	UNSET	UNSET	
7225	7268	wachsweich	soft-boiled (egg)	UNSET	UNSET	
7226	7269	wahlentscheidend	election-deciding	UNSET	UNSET	
7227	7270	wallonisch	Walloon	UNSET	UNSET	
7228	7271	wärmebedürftig	in need of warm temperatures	UNSET	UNSET	
7229	7272	wärmeisolierend	heat-insulating	UNSET	UNSET	
7230	7273	warzig	warty	UNSET	UNSET	
7231	7274	wasserarm	short of water / with little water	UNSET	UNSET	
7232	7275	wasserscheu	afraid of water / aquaphobic	UNSET	UNSET	
7233	7276	wasserundurchlässig	impermeable to water/impervious to water/waterproof	UNSET	UNSET	
7234	7277	wasserunlöslich	insoluble in water/water-insoluble	UNSET	UNSET	
7235	7278	wehmütig	wistful/melancholy	UNSET	UNSET	
7236	7279	weinerlich	lachrymose/tearful/weepy	UNSET	UNSET	
7237	7280	weinig	vinous	UNSET	UNSET	
7238	7281	weißhaarig	white-haired	UNSET	UNSET	
7239	7282	weisungsbefugt	authorised to issue directives	UNSET	UNSET	
7240	7283	weisungsgebunden	bound by instruction	UNSET	UNSET	
7241	7284	weiterverarbeitet	further processed	UNSET	UNSET	
7242	7285	welk	wilted/limp	UNSET	UNSET	
7243	7286	weltgeschichtlich	world-historical	UNSET	UNSET	
7244	7287	weltläufig	cosmopolitan	UNSET	UNSET	
7245	7288	weltmeisterlich	world-class	UNSET	UNSET	
7246	7289	wertneutral	value-neutral / value-free	UNSET	UNSET	
7247	7290	wesensverwandt	congenial/kindred/similar in nature	UNSET	UNSET	
7248	7291	westfriesisch	West Frisian	UNSET	UNSET	
7249	7292	westpreußisch	West Prussian	UNSET	UNSET	
7250	7293	wettbewerbsbeschränkend	anticompetitive	UNSET	UNSET	
7251	7294	widersinnig	absurd	UNSET	UNSET	
7252	7295	widerständig	opposing/resistant	UNSET	UNSET	
7253	7296	wiederverschließbar	resealable	UNSET	UNSET	
7254	7297	wildreich	rich in game	UNSET	UNSET	
7255	7298	willfährig	compliant/submissive	UNSET	UNSET	
7256	7299	windzerzaust	wind-tousled	UNSET	UNSET	
7257	7300	wirklichkeitsgetreu	true-to-life	UNSET	UNSET	
7258	7301	wohldosiert	well-measured	C1	UNSET	
7259	7302	wohlgeformt	shapely/well-formed/well-shaped	UNSET	UNSET	
7260	7303	wohlüberlegt	carefully considered/well thought out/well thought through	UNSET	UNSET	
7261	7304	wolkenlos	cloudless	C1	UNSET	
7262	7305	wortgewaltig	eloquent	UNSET	UNSET	
7263	7306	wortkarg	silent/taciturn/untalkative	UNSET	UNSET	
7264	7307	wortlos	wordless/silent	UNSET	UNSET	
7265	7308	wutentbrannt	furious	UNSET	UNSET	
7266	7309	zahlungskräftig	wealthy/with means	UNSET	UNSET	
7267	7310	zänkisch	argumentative/quarrelsome	UNSET	UNSET	
7268	7311	zehnfach	tenfold	UNSET	UNSET	
7269	7312	zentimeterdick	a centimetre thick	UNSET	UNSET	
7270	7313	zentrisch	centric	UNSET	UNSET	
7271	7314	zerstreut	absent-minded/distracted	UNSET	UNSET	
7272	7315	zertrümmert	smashed/wrecked	UNSET	UNSET	
7273	7316	zerzaust	ruffled/tousled	UNSET	UNSET	
7274	7317	zittrig	faltering/shaky/tremulous	UNSET	UNSET	
7275	7318	zuckrig	sugary	UNSET	UNSET	
7276	7319	zugegen	in attendance/present	UNSET	UNSET	
7277	7320	zugewachsen	overgrown	UNSET	UNSET	
7278	7321	zukunftweisend	forward-looking	UNSET	UNSET	
7279	7322	zusammengerollt	rolled up	UNSET	UNSET	
7280	7323	zuzahlungspflichtig	subject to co-payment	UNSET	UNSET	
7281	7324	zweckbestimmt	purpose-specific	UNSET	UNSET	
7282	7325	zweckfrei	pure/purposeless	UNSET	UNSET	
7283	7326	zwecklos	futile/pointless/useless	UNSET	UNSET	
7284	7327	zweibändig	two-volume	UNSET	UNSET	
7285	7328	zweideutig	ambiguous/suggestive	UNSET	UNSET	
7286	7329	zweilagig	two-ply	UNSET	UNSET	
7287	7330	zweiprozentig	two per cent	UNSET	UNSET	
7288	7331	zweirädrig	two-wheeled	UNSET	UNSET	
7289	7332	zweistündlich	every two hours	UNSET	UNSET	
7290	7333	zweitürig	two-door	UNSET	UNSET	
7291	7334	zweiwöchentlich	fortnightly	UNSET	UNSET	
7292	7335	zwergenhaft	dwarfish	UNSET	UNSET	
7293	7336	zwölfköpfig	twelve-member	UNSET	UNSET	
7294	7337	zwölfstündig	twelve-hour	UNSET	UNSET	
7295	7338	zylinderförmig	cylindrical	UNSET	UNSET	
7296	7339	zypriotisch	Cypriot	UNSET	UNSET	
7297	7340	aasfressend	carrion eating	UNSET	UNSET	
7298	7341	abänderbar	amendable	UNSET	UNSET	
7299	7342	abblätternd	flaking/peeling	UNSET	UNSET	
7300	7343	abdingbar	waivable	UNSET	UNSET	
7301	7344	abdominell	abdominal	UNSET	UNSET	
7302	7345	abfliegend	departing	UNSET	UNSET	
7303	7346	abflusslos	without drainage/endorheic	UNSET	UNSET	
7304	7347	abfragbar	queryable	UNSET	UNSET	
7305	7348	abgabefrei	exempt from duties/levies	UNSET	UNSET	
7306	7349	abgabenfrei	duty-free/tax-exempt/tax-free	UNSET	UNSET	
7307	7350	abgängig	missing/absconded	UNSET	UNSET	
7308	7351	abgasarm	low-emission/low in exhaust emissions	UNSET	UNSET	
7309	7352	abgasfrei	free of emission	UNSET	UNSET	
7310	7353	abgefuckt	fucked up	UNSET	UNSET	
7311	7354	abgelenkt	distracted	C1	UNSET	
7312	7355	abgemagert	emaciated	UNSET	UNSET	
7313	7356	abgeschabt	threadbare/worn/shabby	UNSET	UNSET	
7314	7357	abgeschmackt	tasteless / in bad taste / corny	UNSET	UNSET	
7315	7359	abseitig	esoteric/remote	UNSET	UNSET	
7316	7360	abseitsverdächtig	potentially offside	UNSET	UNSET	
7317	7361	absichtslos	unintentional/without intent	UNSET	UNSET	
7318	7362	absichtsvoll	deliberate	UNSET	UNSET	
7319	7363	abundant	abundant	UNSET	UNSET	
7320	7364	abwählbar	removable from office	UNSET	UNSET	
7321	7365	abwendbar	avoidable/evitable	UNSET	UNSET	
7322	7366	abwischbar	wipeable	UNSET	UNSET	
7323	7367	abyssal	abyssal	UNSET	UNSET	
7324	7368	achsensymmetrisch	axisymmetric/axisymmetrical	UNSET	UNSET	
7325	7369	achtbeinig	eight-legged	UNSET	UNSET	
7326	7370	achterlich	from astern (nautical, of wind)	UNSET	UNSET	
7327	7371	achtgeschossig	eight-storey/eight-story	UNSET	UNSET	
7328	7372	achtmonatig	eight-month	UNSET	UNSET	
7329	7373	achtsemestrig	eight-semester	UNSET	UNSET	
7330	7374	achtzehnjährig	eighteen-year-old	UNSET	UNSET	
7331	7375	adhäsiv	adhesive	UNSET	UNSET	
7332	7376	affenähnlich	ape-like	UNSET	UNSET	
7333	7377	affig	affected/silly/pretentious	UNSET	UNSET	
7334	7378	agogisch	agogic	UNSET	UNSET	
7335	7379	agrarwissenschaftlich	agronomic	UNSET	UNSET	
7336	7380	akkadisch	Akkadian	UNSET	UNSET	
7337	7381	akkordisch	chordal (music)	UNSET	UNSET	
7338	7382	akkubetrieben	battery-powered	UNSET	UNSET	
7339	7383	akneiform	acneiform	UNSET	UNSET	
7340	7384	aktionsfähig	capable of action	UNSET	UNSET	
7341	7385	akzeptierbar	acceptable	UNSET	UNSET	
7342	7386	akzessorisch	accessory	UNSET	UNSET	
7343	7387	akzidentell	accidental	UNSET	UNSET	
7344	7388	alchemistisch	alchemical	UNSET	UNSET	
7345	7389	alimentär	alimentary	UNSET	UNSET	
7346	7390	aliquot	aliquot	UNSET	UNSET	
7347	7391	alkoholselig	tipsy/jolly with drink	UNSET	UNSET	
7348	7392	alkoholsüchtig	alcohol-addicted	UNSET	UNSET	
7349	7393	allbekannt	universally known	UNSET	UNSET	
7350	7394	allerliebst	adorable / utterly charming	UNSET	UNSET	
7351	7395	alptraumhaft	nightmarish	UNSET	UNSET	
7352	7396	altersschwach	decrepit/old and weak	UNSET	UNSET	
7353	7397	altindisch	Old Indian/ancient Indian	UNSET	UNSET	
7354	7398	altkatholisch	Old Catholic	UNSET	UNSET	
7355	7399	altklug	precocious/old beyond one's years	UNSET	UNSET	
7356	7400	altniederländisch	Old Dutch	UNSET	UNSET	
7357	7401	altnordisch	Old Norse	UNSET	UNSET	
7358	7402	altorientalisch	ancient Near Eastern/oriental	UNSET	UNSET	
7359	7403	altpreußisch	Old Prussian/Prussian	UNSET	UNSET	
7360	7404	altrömisch	ancient Roman	UNSET	UNSET	
7361	7405	altruistisch	altruistic	UNSET	UNSET	
7362	7406	altsächsisch	Old Low German/Old Saxon	UNSET	UNSET	
7363	7407	altschwäbisch	Old Swabian	UNSET	UNSET	
7364	7408	altslawisch	Old Church Slavonic / Old Slavonic	UNSET	UNSET	
7365	7409	altsteinzeitlich	paleolithic	UNSET	UNSET	
7366	7410	ambient	ambient	UNSET	UNSET	
7367	7411	amharisch	Amharic	UNSET	UNSET	
7368	7412	amphibisch	amphibian/amphibious	UNSET	UNSET	
7369	7413	amtssässig	officially resident	UNSET	UNSET	
7370	7414	anal	anal	UNSET	UNSET	
7371	7415	analgetisch	analgesic	UNSET	UNSET	
7372	7416	anarchosyndikalistisch	anarcho-syndicalist	UNSET	UNSET	
7373	7417	andersartig	different/of a different kind	UNSET	UNSET	
7374	7419	anerzogen	instilled by upbringing	UNSET	UNSET	
7375	7420	angegraut	greying	UNSET	UNSET	
7376	7421	angeschwollen	swollen	UNSET	UNSET	
7377	7422	anglophon	Anglophone	UNSET	UNSET	
7378	7423	angstauslösend	anxiety-inducing	UNSET	UNSET	
7379	7424	anhänglich	clingy/devoted	UNSET	UNSET	
7380	7425	animalisch	animal/brute	UNSET	UNSET	
7381	7426	anisotrop	anisotropic	UNSET	UNSET	
7382	7427	anlagebedingt	due to predisposition	UNSET	UNSET	
7383	7428	anodisch	anodal/anodic	UNSET	UNSET	
7384	7429	anormal	abnormal	B2	UNSET	
7385	7430	anteilmäßig	proportional	UNSET	UNSET	
7386	7431	anterior	anterior	UNSET	UNSET	
7387	7432	anthrazit	charcoal grey (colour)	UNSET	UNSET	
7388	7433	antibritisch	anti-British	UNSET	UNSET	
7389	7434	antimodernistisch	anti-modernist	UNSET	UNSET	
7390	7435	antiseptisch	antiseptic	UNSET	UNSET	
7391	7436	antizionistisch	anti-Zionist/anti-Zionistic/antizionist	UNSET	UNSET	
7392	7437	antizipiert	anticipated	UNSET	UNSET	
7393	7438	antriebsarm	lacking drive/low in motivation	UNSET	UNSET	
7394	7439	aphoristisch	aphoristic	UNSET	UNSET	
7395	7440	apokryph	apocryphal	UNSET	UNSET	
7396	7441	apolitisch	apolitical	UNSET	UNSET	
7397	7442	aporetisch	aporetic	UNSET	UNSET	
7398	7443	approximativ	approximate	UNSET	UNSET	
7399	7444	apulisch	Apulian	UNSET	UNSET	
7400	7445	äquidistant	equidistant	UNSET	UNSET	
7401	7446	arbeitsam	industrious	UNSET	UNSET	
7402	7447	archimedisch	Archimedean	UNSET	UNSET	
7403	7448	areligiös	areligious	UNSET	UNSET	
7404	7449	arianisch	Arian	UNSET	UNSET	
7405	7450	arisch	Aryan (Nazi racial ideology; also Indo-Iranian, linguistics)	UNSET	UNSET	
7406	7451	armlang	arm-length	UNSET	UNSET	
7407	7452	aromatisiert	flavoured	UNSET	UNSET	
7408	7453	arriviert	established	UNSET	UNSET	
7409	7454	arterhaltend	species-preserving	UNSET	UNSET	
7410	7455	arthrotisch	osteoarthritic (relating to Arthrose)	UNSET	UNSET	
7411	7456	artikulatorisch	articulatory	UNSET	UNSET	
7412	7457	asbestfrei	free of asbestos	UNSET	UNSET	
7413	7458	aschfahl	ashen	UNSET	UNSET	
7414	7459	aschkenasisch	Ashkenazi/Ashkenazic	UNSET	UNSET	
7415	7460	asexuell	asexual	UNSET	UNSET	
7416	7461	askanisch	Ascanian	UNSET	UNSET	
7417	7462	asketisch	ascetic	UNSET	UNSET	
7418	7463	assimiliert	assimilated	UNSET	UNSET	
7419	7464	atemraubend	breathtaking	UNSET	UNSET	
7420	7465	atrophisch	atrophic	UNSET	UNSET	
7421	7466	aufnahmefähig	capable of absorption	UNSET	UNSET	
7422	7467	aufrührerisch	rebellious/seditious/riotous	UNSET	UNSET	
7423	7468	ausbruchssicher	escape-proof	UNSET	UNSET	
7424	7469	ausgefranst	frayed	UNSET	UNSET	
7425	7470	ausgemergelt	emaciated	UNSET	UNSET	
7426	7471	aussätzig	leprous	UNSET	UNSET	
7427	7472	außerbiblisch	extra-biblical	UNSET	UNSET	
7428	7473	außerfamiliär	outside the family	UNSET	UNSET	
7429	7474	autoritativ	authoritative	UNSET	UNSET	
7430	7475	axiomatisch	axiomatic/undeniable/unquestionable	UNSET	UNSET	
7431	7476	azimutal	azimuthal	UNSET	UNSET	
7432	7477	backsteingefasst	brick-trimmed	UNSET	UNSET	
7433	7478	baff	baffled/gobsmacked	UNSET	UNSET	
7434	7479	bahrainisch	Bahraini	UNSET	UNSET	
7435	7480	bakteriostatisch	bacteriostatic	UNSET	UNSET	
7436	7481	baldmöglichst	soonest possible	UNSET	UNSET	
7437	7482	ballonartig	balloon-like	UNSET	UNSET	
7438	7483	barbusig	bare-bosomed/bare-breasted/topless	UNSET	UNSET	
7439	7484	bartlos	beardless	UNSET	UNSET	
7440	7485	basilikal	basilical	UNSET	UNSET	
7441	7486	baubar	buildable	UNSET	UNSET	
7442	7487	baumarm	with few trees/low in trees	UNSET	UNSET	
7443	7488	baumartig	tree-like/arborescent	UNSET	UNSET	
7444	7489	bauschig	puffy	UNSET	UNSET	
7445	7490	bauseitig	provided by the building owner/on-site	UNSET	UNSET	
7446	7491	bebrillt	bespectacled/speccy/spectacled	UNSET	UNSET	
7447	7492	bedeutungsschwer	portentous / weighty / full of meaning	UNSET	UNSET	
7448	7494	bedröppelt	crestfallen	UNSET	UNSET	
7449	7495	befremdend	puzzling/off-putting	UNSET	UNSET	
7450	7496	beinlos	legless	UNSET	UNSET	
7451	7497	beißwütig	vicious/snappy	UNSET	UNSET	
7452	7498	bekehrbar	convertible	UNSET	UNSET	
7453	7499	bekenntnislos	non-denominational/non-confessional	UNSET	UNSET	
7454	7500	bekifft	stoned	UNSET	UNSET	
7455	7501	beklagenswert	deplorable/regrettable	UNSET	UNSET	
7456	7502	beleihbar	mortgageable/pledgeable	UNSET	UNSET	
7457	7503	beleumundet	of (good/bad) reputation	UNSET	UNSET	
7458	7504	bemitleidenswert	pitiable	UNSET	UNSET	
7459	7505	bemittelt	well-off	UNSET	UNSET	
7460	7506	beneidenswert	enviable	UNSET	UNSET	
7461	7507	benennbar	nameable	UNSET	UNSET	
7462	7508	benigne	benign	UNSET	UNSET	
7463	7509	benommen	dazed/numb	B2	UNSET	
7464	7510	benzinbetrieben	petrol-powered	UNSET	UNSET	
7465	7511	berufsfremd	outside one's profession	UNSET	UNSET	
7466	7512	beschaffbar	procurable	UNSET	UNSET	
7467	7513	beschienen	illuminated/lit up	UNSET	UNSET	
7468	7514	beschlussunfähig	lacking a quorum	UNSET	UNSET	
7469	7515	beschrankt	with barriers (level crossing)	UNSET	UNSET	
7470	7516	besenrein	swept clean (broom-clean)	UNSET	UNSET	
7471	7517	besiegbar	beatable/defeatable	UNSET	UNSET	
7472	7518	besitzlos	without/free of belongings	UNSET	UNSET	
7473	7519	bestgeplant	best-planned	UNSET	UNSET	
7474	7520	bestreitbar	disputable	UNSET	UNSET	
7475	7521	betriebsam	bustling/busy/industrious	UNSET	UNSET	
7476	7522	betriebsfremd	external/non-company/outside	UNSET	UNSET	
7477	7523	betrugsanfällig	susceptible to fraud/fraud-prone	UNSET	UNSET	
7478	7524	bevölkerungsarm	sparsely populated	UNSET	UNSET	
7479	7525	bewegbar	movable	UNSET	UNSET	
7480	7526	bewegungslos	motionless/still/stock-still	UNSET	UNSET	
7481	7527	bewertbar	assessable	UNSET	UNSET	
7482	7528	beziehbar	obtainable; (of a flat) ready to move into	UNSET	UNSET	
7483	7529	beziehungsunfähig	incapable of relationships	UNSET	UNSET	
7484	7530	bezifferbar	quantifiable	UNSET	UNSET	
7485	7531	bibelfest	well-versed in the Bible	UNSET	UNSET	
7486	7532	bibliografisch	bibliographic	UNSET	UNSET	
7487	7533	bibliophil	bibliophilic	UNSET	UNSET	
7488	7534	biedermeierlich	Biedermeier(-style)	UNSET	UNSET	
7489	7535	bierernst	dead serious	UNSET	UNSET	
7490	7536	biowissenschaftlich	life-sciences-related	UNSET	UNSET	
7491	7537	bitterarm	destitute/dirt poor	UNSET	UNSET	
7492	7539	blasphemisch	blasphemous	UNSET	UNSET	
7493	7540	blassgrün	pale green	UNSET	UNSET	
7494	7541	blassrot	pale red	UNSET	UNSET	
7495	7542	blattlos	leafless	UNSET	UNSET	
7496	7543	blaublütig	blue-blooded	UNSET	UNSET	
7497	7544	blechern	tinny	UNSET	UNSET	
7498	7545	blicklos	unfocused	UNSET	UNSET	
7499	7546	blumengeschmückt	flower-decked	UNSET	UNSET	
7500	7547	blutjung	very young	UNSET	UNSET	
7501	7548	bodengestützt	ground-based	UNSET	UNSET	
7502	7549	bombenfest	rock-solid / absolutely secure	UNSET	UNSET	
7503	7550	bonbonfarben	candy-coloured	UNSET	UNSET	
7504	7551	bordeauxfarben	burgundy	UNSET	UNSET	
7505	7552	borhaltig	containing boron / boron-bearing	UNSET	UNSET	
7506	7553	boshaft	malicious/spiteful	UNSET	UNSET	
7507	7554	boulevardesk	tabloid-style	UNSET	UNSET	
7508	7555	bovin	bovine	UNSET	UNSET	
7509	7556	brackig	brackish	UNSET	UNSET	
7510	7557	braungebrannt	tanned	UNSET	UNSET	
7511	7558	braunschwarz	black-brown	UNSET	UNSET	
7512	7559	breiig	mushy/pulpy	C1	UNSET	
7513	7560	breitschultrig	broad-shouldered/square-shouldered	UNSET	UNSET	
7514	7561	bröckelig	brittle/crumbly	UNSET	UNSET	
7515	7562	bronzefarben	bronze-coloured	UNSET	UNSET	
7516	7563	brünstig	in heat / on heat (of an animal)	UNSET	UNSET	
7517	7564	buchtenreich	with many bays	UNSET	UNSET	
7518	7565	buckelig	hunchbacked/bumpy	UNSET	UNSET	
7519	7566	bügelfrei	non-iron / crease-resistant (shirt)	UNSET	UNSET	
7520	7567	bühnenreif	ready for the stage	UNSET	UNSET	
7521	7568	buntfarbig	colourful	UNSET	UNSET	
7522	7569	burisch	Boer	UNSET	UNSET	
7523	7570	burmesisch	Burmese	UNSET	UNSET	
7524	7571	burschikos	casual/informal/tomboyish	UNSET	UNSET	
7525	7572	burundisch	Burundian	UNSET	UNSET	
7526	7573	calvinistisch	Calvinist	UNSET	UNSET	
7527	7574	charakterlos	characterless/insipid/lacking character	UNSET	UNSET	
7528	7575	chauvinistisch	chauvinistic/jingoistic	UNSET	UNSET	
7529	7576	chlorhaltig	containing chlorine	UNSET	UNSET	
7530	7577	christologisch	Christological	UNSET	UNSET	
7531	7578	christsozial	Christian-social	UNSET	UNSET	
7532	7579	chromfarben	chrome-coloured	UNSET	UNSET	
7533	7580	chromhaltig	containing chromium	UNSET	UNSET	
7534	7581	clownesk	clownish	UNSET	UNSET	
7535	7582	clubbig	clubby	UNSET	UNSET	
7536	7583	cognacfarben	cognac-coloured	UNSET	UNSET	
7537	7584	comicartig	comic-like	UNSET	UNSET	
7538	7585	computerlinguistisch	computational-linguistic	UNSET	UNSET	
7539	7586	dakisch	Dacian	UNSET	UNSET	
7540	7587	daktyloskopisch	dactyloscopic/fingerprint-related	UNSET	UNSET	
7541	7588	dandyhaft	dandy-like	UNSET	UNSET	
7542	7589	darwinistisch	Darwinian	UNSET	UNSET	
7543	7590	datenbankgestützt	database-supported	UNSET	UNSET	
7544	7591	datenschutzwidrig	in breach of data-protection law	UNSET	UNSET	
7545	7592	datierbar	datable	UNSET	UNSET	
7546	7593	defätistisch	defeatist	UNSET	UNSET	
7547	7594	deiktisch	deictic	UNSET	UNSET	
7548	7595	demagogisch	demagogic	UNSET	UNSET	
7549	7596	demotisch	demotic	UNSET	UNSET	
7550	7597	demotiviert	demotivated	UNSET	UNSET	
7551	7598	dendrochronologisch	dendrochronological	UNSET	UNSET	
7552	7599	denglisch	Denglisch (mix of German and English)	UNSET	UNSET	
7553	7600	denkmalwert	worthy of listing as a historic monument	UNSET	UNSET	
7554	7601	desinteressiert	uninterested / indifferent	C1	UNSET	
7555	7602	diachron	diachronic/diachronically	UNSET	UNSET	
7556	7603	diachronisch	diachronic	UNSET	UNSET	
7557	7604	dialektal	dialectal	UNSET	UNSET	
7558	7605	dichotom	dichotomic/dichotomous	UNSET	UNSET	
7559	7606	dichtbebaut	densely built-up	UNSET	UNSET	
7560	7607	dickleibig	obese	UNSET	UNSET	
7561	7608	dienstbar	helpful/obliging/willing to serve	UNSET	UNSET	
7562	7609	dienstfähig	fit for duty	UNSET	UNSET	
7563	7610	dieselelektrisch	diesel-electric	UNSET	UNSET	
7564	7611	diesig	hazy/misty	UNSET	UNSET	
7565	7612	different	differing/divergent (rare, technical); everyday German is verschieden/anders	UNSET	UNSET	
7566	7613	differenziell	differential	UNSET	UNSET	
7567	7614	dilemmatisch	dilemmatic	UNSET	UNSET	
7568	7615	dirigistisch	dirigiste	UNSET	UNSET	
7569	7616	disharmonisch	disharmonious	UNSET	UNSET	
7570	7617	diskriminierungssensibel	sensitive to discrimination	UNSET	UNSET	
7571	7618	dispositiv	optional/non-mandatory (law: dispositives Recht); dispositive	UNSET	UNSET	
7572	7619	disproportional	disproportional/disproportionate	UNSET	UNSET	
7573	7620	dissident	dissident	UNSET	UNSET	
7574	7621	distinkt	distinct	UNSET	UNSET	
7575	7622	divergent	divergent	UNSET	UNSET	
7576	7623	doldenförmig	umbel-shaped / umbellate	UNSET	UNSET	
7577	7624	doppelläufig	double-barrelled	UNSET	UNSET	
7578	7626	dreibändig	three-volume	UNSET	UNSET	
7579	7627	dreibeinig	three-legged	UNSET	UNSET	
7580	7628	dreiblättrig	three-leaved/trifoliate	UNSET	UNSET	
7581	7629	dreifarbig	three-coloured	UNSET	UNSET	
7582	7630	dreilagig	three-ply	UNSET	UNSET	
7583	7631	dreiprozentig	three per cent	UNSET	UNSET	
7584	7632	dreispurig	three-lane	UNSET	UNSET	
7585	7633	dreißigminütig	thirty-minute	UNSET	UNSET	
7586	7635	dreistündlich	every three hours	UNSET	UNSET	
7587	7637	dreiwertig	trivalent	UNSET	UNSET	
7588	7638	druckempfindlich	pressure-sensitive	UNSET	UNSET	
7589	7639	dschungelartig	jungle-like	UNSET	UNSET	
7590	7640	dummdreist	brazenly stupid	UNSET	UNSET	
7591	7641	dümmlich	silly/stupid	UNSET	UNSET	
7592	7642	dunkelgelb	dark yellow	UNSET	UNSET	
7593	7643	dunkelhaarig	dark-haired	UNSET	UNSET	
7594	7644	dunkellila	dark purple	UNSET	UNSET	
7595	7645	dunkelschwarz	pitch-black	UNSET	UNSET	
7596	7646	durabel	durable/long-lasting	UNSET	UNSET	
7597	7647	durchdringbar	penetrable/permeable	UNSET	UNSET	
7598	7648	durchgekreuzt	thwarted	UNSET	UNSET	
7599	7649	durchstimmbar	tunable	UNSET	UNSET	
7600	7650	durchtrieben	cunning/sly	UNSET	UNSET	
7601	7651	duroplastisch	thermosetting	UNSET	UNSET	
7602	7652	duster	dark/gloomy/dim	UNSET	UNSET	
7603	7653	ebenholzfarben	ebony-coloured	UNSET	UNSET	
7604	7654	egal	all the same/level	A1	UNSET	
7605	7655	ehrenhaft	honourable	UNSET	UNSET	
7606	7656	ehrenrührig	defamatory	UNSET	UNSET	
7607	7657	ehrfurchtsvoll	full of awe	UNSET	UNSET	
7608	7658	ehrlos	dishonourable	UNSET	UNSET	
7609	7660	einäugig	one-eyed	UNSET	UNSET	
7610	7661	einbruchsicher	burglarproof	UNSET	UNSET	
7611	7662	eingeboren	native/indigenous (dated); innate	UNSET	UNSET	
7612	7664	einkommenslos	without income	UNSET	UNSET	
7613	7665	einnehmbar	capturable / that can be taken (fortress)	UNSET	UNSET	
7614	7666	einnehmend	charming/engaging	UNSET	UNSET	
7615	7667	einprozentig	one per cent	UNSET	UNSET	
7616	7668	einwertig	monovalent/univalent	UNSET	UNSET	
7617	7669	einziehbar	retractable	UNSET	UNSET	
7618	7670	eisgekühlt	ice-cooled/iced	UNSET	UNSET	
7619	7671	eklektisch	eclectic	UNSET	UNSET	
7620	7672	eklektizistisch	eclecticist	UNSET	UNSET	
7621	7673	elaboriert	elaborate	UNSET	UNSET	
7622	7674	elfenbeinern	of ivory	UNSET	UNSET	
7623	7675	elfenbeinfarben	ivory-coloured	UNSET	UNSET	
7624	7676	elfgeschossig	eleven-storey	UNSET	UNSET	
7625	7677	elfstündig	eleven-hour	UNSET	UNSET	
7626	7678	elisabethanisch	Elizabethan	UNSET	UNSET	
7627	7679	ellipsenförmig	elliptical/ellipse-shaped	UNSET	UNSET	
7628	7680	elysisch	Elysian	UNSET	UNSET	
7629	7681	emblematisch	emblematic	UNSET	UNSET	
7630	7682	emissionslos	without/free of emission	UNSET	UNSET	
7631	7683	empfangsberechtigt	entitled to receive	UNSET	UNSET	
7632	7684	enaktiv	enactive	UNSET	UNSET	
7633	7685	endoplasmatisch	endoplasmic	UNSET	UNSET	
7634	7686	endotherm	endothermic	UNSET	UNSET	
7635	7687	engelhaft	angelic	UNSET	UNSET	
7636	7688	enterohämorrhagisch	enterohaemorrhagic	UNSET	UNSET	
7637	7689	entfernbar	removable	UNSET	UNSET	
7638	7690	entgeistert	dumbfounded	UNSET	UNSET	
7639	7691	entrückt	transported/in rapture	UNSET	UNSET	
7640	7692	entrüstet	indignant/outraged	UNSET	UNSET	
7641	7693	entschuldbar	excusable	UNSET	UNSET	
7642	7694	entwaffnend	disarming	UNSET	UNSET	
7643	7695	entwickelbar	developable	UNSET	UNSET	
7644	7696	entzückt	delighted/thrilled	UNSET	UNSET	
7645	7697	epistemisch	epistemic	UNSET	UNSET	
7646	7698	epistemologisch	epistemological	UNSET	UNSET	
7647	7699	epithelial	epithelial	UNSET	UNSET	
7648	7700	erdbebengefährdet	earthquake-prone	UNSET	UNSET	
7649	7701	ereignisarm	uneventful	UNSET	UNSET	
7650	7702	erfolgswirksam	recognised in profit or loss, affecting the income statement	UNSET	UNSET	
7651	7703	ergänzungsbedürftig	in need of supplementation	UNSET	UNSET	
7652	7704	erholungsbedürftig	in need of recovery	UNSET	UNSET	
7653	7705	erlebnishungrig	hungry for experiences	UNSET	UNSET	
7654	7706	erpressbar	subject to blackmail	UNSET	UNSET	
7655	7707	erpresserisch	extortionate	UNSET	UNSET	
7656	7708	erratisch	erratic	UNSET	UNSET	
7657	7709	erregbar	excitable	UNSET	UNSET	
7658	7710	erschließbar	deducible/inferable	UNSET	UNSET	
7659	7711	erschütterungsfrei	free of vibration	UNSET	UNSET	
7660	7712	ertrunken	drowned	UNSET	UNSET	
7661	7713	erwählt	chosen/elected	UNSET	UNSET	
7662	7714	erwerbbar	acquirable	UNSET	UNSET	
7663	7715	erwerbsmäßig	for a living/professionally	UNSET	UNSET	
7664	7716	erzhaltig	ore-bearing	UNSET	UNSET	
7665	7717	erzkatholisch	ultra-Catholic	UNSET	UNSET	
7666	7718	etatmäßig	budgetary	UNSET	UNSET	
7667	7719	etruskisch	Etruscan	UNSET	UNSET	
7668	7720	eugenisch	eugenic	UNSET	UNSET	
7669	7721	evaluativ	evaluative	UNSET	UNSET	
7670	7722	evangelikal	evangelical	UNSET	UNSET	
7671	7723	evident	clear/evident/obvious	UNSET	UNSET	
7672	7724	ewiggestrig	stuck in the past	UNSET	UNSET	
7673	7725	existentialistisch	existentialist	UNSET	UNSET	
7674	7726	exotherm	exothermic	UNSET	UNSET	
7675	7728	explosibel	explosive/liable to explode	UNSET	UNSET	
7676	7729	exspiratorisch	expiratory	UNSET	UNSET	
7677	7730	extrinsisch	extrinsic	UNSET	UNSET	
7678	7731	fächerartig	fan-like/fan-shaped/flabellate	UNSET	UNSET	
7679	7732	fadenförmig	filamentous/filiform/threadlike	UNSET	UNSET	
7680	7733	fahnenflüchtig	deserting (military)	UNSET	UNSET	
7681	7734	fahrbereit	ready to drive	UNSET	UNSET	
7682	7735	fahrtauglich	fit to drive	UNSET	UNSET	
7683	7736	faltenreich	wrinkled	UNSET	UNSET	
7684	7737	fantasielos	unimaginative	UNSET	UNSET	
7685	7738	farbenblind	colourblind	UNSET	UNSET	
7686	7739	farnartig	fern-like	UNSET	UNSET	
7687	7740	fasslich	comprehensible	UNSET	UNSET	
7688	7741	febril	febrile	UNSET	UNSET	
7689	7742	federleicht	as light as a feather/feathery	UNSET	UNSET	
7690	7743	feinherb	off-dry/medium-dry	UNSET	UNSET	
7691	7744	feinporig	fine-pored	UNSET	UNSET	
7692	7745	feinwürzig	delicately seasoned	UNSET	UNSET	
7693	7746	feldgrau	field-grey	UNSET	UNSET	
7694	7747	fettleibig	obese	UNSET	UNSET	
7695	7748	feuerspeiend	fire-breathing	UNSET	UNSET	
7696	7749	feuilletonistisch	essayistic/arts-page journalistic	UNSET	UNSET	
7697	7750	filmgeschichtlich	film-historical	UNSET	UNSET	
7698	7751	filmhistorisch	film-historical	UNSET	UNSET	
7699	7752	filterlos	without/free of filter	UNSET	UNSET	
7700	7753	finanzkräftig	financially strong	UNSET	UNSET	
