row	rank	article	word	plural	english	cefrLevel	flags
6301	6155	die	Textur	Texturen	texture	UNSET	
6302	6156	die	Umlage	Umlagen	apportionment/shared cost/levy	UNSET	
6303	6157	die	Umweltministerin	Umweltministerinnen	environment minister	UNSET	
6304	3039	die	Vase	Vasen	vase	B1	
6305	6159	die	Vene	Venen	vein/vena	UNSET	
6306	6160	der	Vers	Verse	verse	UNSET	
6307	6161	das	Verschwinden	—	disappearance	UNSET	
6308	6162	der	Verwaltungsakt	Verwaltungsakte	administrative act	UNSET	
6309	6163	die	Verzinsung	Verzinsungen	accrual of interest/interest rate	UNSET	
6310	6164	das	Vorschulkind	Vorschulkinder	preschool child	UNSET	
6311	6165	die	Wassermenge	Wassermengen	amount of water/water quantity	UNSET	
6312	6166	der	Wasserverbrauch	Wasserverbräuche	water consumption	UNSET	
6313	6167	die	Weinstraße	Weinstraßen	wine route	UNSET	
6314	6168	der	Wetterdienst	Wetterdienste	meteorological service/weather service	UNSET	
6315	6169	die	Willkommenskultur	Willkommenskulturen	welcoming culture	UNSET	
6316	6170	die	Winde	Winden	winch; (plant) bindweed	UNSET	
6317	6171	die	Wohnanlage	Wohnanlagen	residential complex/housing complex	UNSET	
6318	6172	die	Zeremonie	Zeremonien	ceremony	UNSET	
6319	6173	die	Zivilcourage	—	moral courage / courage of one's convictions	UNSET	
6320	6174	die	Abendkasse	Abendkassen	box office/ticket office	UNSET	
6321	4117	die	Aggression	Aggressionen	aggression	B2	
6322	6176	die	Akustik	Akustiken	acoustics	UNSET	
6323	6177	der	Alien	Aliens	alien	UNSET	
6324	6178	der	Animationsfilm	Animationsfilme	animation film	UNSET	
6325	854	die	Ansage	Ansagen	announcement	A1	
6326	3041	die	Arbeiterin	Arbeiterinnen	labourer/worker	B1	
6327	6181	die	Arbeitslosenversicherung	Arbeitslosenversicherungen	unemployment insurance	UNSET	
6328	6182	das	Aufkommen	Aufkommen	volume/occurrence/yield	UNSET	
6329	6183	die	Aufzucht	Aufzuchten	rearing/raising	UNSET	
6330	6184	der	Augenschein	—	appearance/inspection	UNSET	
6331	6185	die	Außentemperatur	Außentemperaturen	external temperature/outside temperature	UNSET	
6332	6186	das	Automobil	Automobile	auto/automobile/car	UNSET	
6333	6187	das	Backblech	Backbleche	baking plate/baking sheet/baking tin	UNSET	
6334	6188	die	Backware	Backwaren	baked goods (usually plural Backwaren)	UNSET	
6335	6189	der	Badesee	Badeseen	bathing lake/swimming lake	B2	
6336	3044	das	Ballett	Ballette	ballet	B1	
6337	6191	die	Beurlaubung	Beurlaubungen	leave of absence	UNSET	
6338	6192	die	Bevölkerungszahl	Bevölkerungszahlen	population	C1	
6339	6193	der	Boxer	Boxer	boxer	UNSET	
6340	6194	die	Bude	Buden	stall/booth/kiosk; (colloquial) digs/place	C1	
6341	6195	der	Clou	Clous	highlight	UNSET	
6342	3045	der	Comic	Comics	comic/comic strip	A1	
6343	6197	der	Coupon	Coupons	coupon	UNSET	
6344	4118	die	Dankbarkeit	—	gratefulness/gratitude/thankfulness	B2	
6345	6199	das	Dashboard	Dashboards	dashboard	UNSET	
6346	6200	der	Detektor	Detektoren	detector/receiver	UNSET	
6347	6201	die	Deutung	Deutungen	analysis/explanation/interpretation	C1	
6348	6202	die	Eigenheit	Eigenheiten	idiosyncrasy/mannerism/peculiarity	UNSET	
6349	6203	die	Einschreibung	Einschreibungen	enrolment/registration	UNSET	
6350	856	das	Einzelzimmer	Einzelzimmer	single room	A1	
6351	6205	die	Entwarnung	Entwarnungen	all-clear	UNSET	
6352	6206	das	Erbrecht	Erbrechte	inheritance law/right of inheritance	UNSET	
6353	6207	die	Erfrischung	Erfrischungen	refreshment	UNSET	
6354	6208	die	Erörterung	Erörterungen	discussion	UNSET	
6355	6209	der	Erzähler	Erzähler	narrator/teller	UNSET	
6356	6210	die	Essstörung	Essstörungen	eating disorder	UNSET	
6357	6211	das	Etikett	Etiketten	label/tag	UNSET	
6358	6212	der	Falke	Falken	falcon/hawk	UNSET	
6359	6213	der	Farbstoff	Farbstoffe	dye	UNSET	
6360	6214	das	Finanzministerium	Finanzministerien	Ministry of Finance/Treasury	UNSET	
6361	6215	der	Fischer	Fischer	fisher/fisherman	B2	
6362	6216	die	Flüchtlingsunterkunft	Flüchtlingsunterkünfte	refugee accommodation	UNSET	
6363	6217	die	Frustration	Frustrationen	exasperation/frustration	UNSET	
6364	6218	der	Funke	Funken	spark	UNSET	
6365	6219	der	Fußabdruck	Fußabdrücke	footprint	UNSET	
6366	6220	die	Gasheizung	Gasheizungen	gas heater/gas heating	UNSET	
6367	6221	der	Gefährte	Gefährten	companion	UNSET	
6368	6222	das	Geldinstitut	Geldinstitute	financial institution	UNSET	
6369	6223	der	Geselle	Gesellen	journeyman; (dated) fellow	UNSET	
6370	3593	der	Grafiker	Grafiker	graphic designer	A2	
6371	6225	die	Grundidee	Grundideen	basic idea	UNSET	
6372	6226	der	Güterverkehr	Güterverkehre	freight traffic/goods traffic	UNSET	
6373	6227	die	Heimreise	Heimreisen	homeward journey/journey home	UNSET	
6374	6228	die	Hülsenfrucht	Hülsenfrüchte	legume	UNSET	
6375	6229	die	Isolation	Isolationen	insulation/isolation	B2	
6376	6230	der	Katalysator	Katalysatoren	catalyst/catalytic converter/catalyzer	UNSET	
6377	6231	die	Kennziffer	Kennziffern	identification number/code	UNSET	
6378	6232	der	Klassenerhalt	Klassenerhalte	avoiding relegation/staying in the league	UNSET	
6379	6233	die	Klippe	Klippen	cliff/crag; (figurative) hurdle	UNSET	
6380	6234	der	Kohleausstieg	Kohleausstiege	coal phase-out	UNSET	
6381	1537	der	Körperteil	Körperteile	body part	A1	
6382	6236	der	Kran	Kräne	crane	UNSET	
6383	3047	das	Krokodil	Krokodile	crocodile	B1	
6384	3048	der	Kult	Kulte	cult	B1	
6385	6239	das	Kunsthandwerk	Kunsthandwerke	handicraft	C1	
6386	6240	der	Landtagsabgeordnete	Landtagsabgeordneten	Landtag assemblyman	UNSET	adjectivalNoun
6387	3594	der	Lastwagen	Lastwagen	lorry/truck	A2	
6388	6242	das	Lebenswerk	Lebenswerke	lifetime achievement	C1	
6389	6243	der	Leistungsumfang	Leistungsumfänge	range of benefits/scope of indemnity/scope of performance	UNSET	
6390	6244	der	Lernerfolg	Lernerfolge	learning success/learning outcome	B2	
6391	6245	das	Lesezeichen	Lesezeichen	bookmark	UNSET	
6392	3529	der	Like	Likes	like	A2	
6393	6247	die	Marine	Marinen	navy	UNSET	
6394	6248	die	Metastase	Metastasen	metastasis	UNSET	
6395	6249	die	Mitschülerin	Mitschülerinnen	classmate/fellow student (female)	B2	
6396	4468	der	Mülleimer	Mülleimer	garbage can/rubbish bin/trash can	C1	
6397	6251	das	Naherholungsgebiet	Naherholungsgebiete	local recreation area	UNSET	
6398	6252	der	Naturwissenschaftler	Naturwissenschaftler	natural scientist	UNSET	
6399	6253	die	Offenbarung	Offenbarungen	revelation/disclosure (Bible book only as a secondary sense)	UNSET	
6400	6254	die	Ostseeküste	Ostseeküsten	Baltic Sea coast	UNSET	
6401	6255	der	Patch	Patches	patch	UNSET	
6402	1158	das	Pech	Peche	bad luck/misfortune/pitch	A1	
6403	6257	das	Pflegekind	Pflegekinder	foster child	UNSET	
6404	6258	das	Praxissemester	Praxissemester	practical semester	UNSET	
6405	3051	die	Prise	Prisen	pinch/dash	B1	
6406	6260	die	Produktionsfirma	Produktionsfirmen	production company	UNSET	
6407	6261	die	Professionalisierung	Professionalisierungen	professionalisation	UNSET	
6408	6262	das	Prüfverfahren	Prüfverfahren	test procedure/examination procedure	UNSET	
6409	6263	der	Publikumspreis	Publikumspreise	audience award	UNSET	
6410	3053	die	Quittung	Quittungen	receipt	B1	
6411	6265	der	Ratenkredit	Ratenkredite	instalment loan/installment loan	UNSET	
6412	6266	der	Regenbogen	Regenbögen	rainbow	UNSET	
6413	6267	die	Regeneration	Regenerationen	regeneration	UNSET	
6414	6268	die	Rotation	Rotationen	rotation	UNSET	
6415	6269	die	Sanierungsarbeit	Sanierungsarbeiten	restoration works	UNSET	
6416	6270	der	Schädel	Schädel	skull	C1	
6417	4469	die	Schärfe	Schärfen	sharpness/strictness	C1	
6418	6272	die	Schriftgröße	Schriftgrößen	font size	UNSET	
6419	3595	das	Schulfach	Schulfächer	subject	A2	
6420	6274	der	Schulgarten	Schulgärten	school garden	UNSET	
6421	6275	der	Schwamm	Schwämme	sponge	UNSET	
6422	6276	die	Schweigepflicht	Schweigepflichten	pledge of secrecy/requirement of confidentiality/vow of silence	UNSET	
6423	6277	das	Sein	—	being/essence/existence	UNSET	
6424	6278	der	Sommerreifen	Sommerreifen	summer tyre	UNSET	
6425	6279	die	Spendenaktion	Spendenaktionen	fundraising campaign/donation campaign	UNSET	
6426	3596	der	Stadtrand	Stadtränder	outskirts	A2	
6427	6281	der	Stadtverkehr	Stadtverkehre	city traffic/urban traffic	UNSET	
6428	6282	das	Stroh	—	straw	UNSET	
6429	6283	die	Studienrichtung	Studienrichtungen	field of study	UNSET	
6430	6284	das	Terrain	Terrains	terrain	UNSET	
6431	6285	der	Tischler	Tischler	cabinetmaker/joiner/woodworker	UNSET	
6432	6286	das	Todesopfer	Todesopfer	fatality/victim	UNSET	
6433	6287	die	Untersuchungshaft	—	pre-trial detention	UNSET	
6434	6288	die	Unterwäsche	Unterwäschen	underclothes/underclothing/undergarments	UNSET	
6435	6289	das	Urlaubsziel	Urlaubsziele	holiday destination/vacation destination	UNSET	
6436	6290	die	Versteigerung	Versteigerungen	auction/auctioning	UNSET	
6437	6291	die	Verwandtschaft	Verwandtschaften	relationship/relatives	B2	
6438	6292	der	Verzug	Verzüge	delay	UNSET	
6439	6293	der	Vormonat	Vormonate	previous month	UNSET	
6440	6294	die	Vorrunde	Vorrunden	preliminary round	UNSET	
6441	6295	die	Vorweihnachtszeit	—	pre-Christmas season	UNSET	
6442	6296	das	Vorwort	Vorworte	foreword/preface	UNSET	
6443	6297	der	Waldbrand	Waldbrände	forest fire/wildfire	UNSET	
6444	6298	der	Waschbär	Waschbären	raccoon	UNSET	
6445	6299	die	Weiterführung	Weiterführungen	continuation	UNSET	
6446	6300	der	Welpe	Welpen	puppy/whelp	UNSET	
6447	6301	der	Welttag	Welttage	world day/international day	UNSET	
6448	6302	die	Wikipedia	Wikipedien	Wikipedia	UNSET	
6449	6303	die	Windel	Windeln	diaper/nappy	B2	
6450	6304	der	Ableger	Ableger	branch/layer/offshoot	UNSET	
6451	3597	der	Altenpfleger	Altenpfleger	geriatric nurse	A2	
6452	6306	die	Anatomie	Anatomien	anatomy	UNSET	
6453	6307	die	Anzahlung	Anzahlungen	deposit/down payment	UNSET	
6454	6308	die	Apothekerin	Apothekerinnen	pharmacist/chemist (female)	UNSET	
6455	6309	der	Arbeitsaufwand	Arbeitsaufwände	amount of work/workload	UNSET	
6456	6310	die	Arbeitsfläche	Arbeitsflächen	workspace/worksurface/worktop	UNSET	
6457	6311	die	Bahnstrecke	Bahnstrecken	railroad track/railway track	UNSET	
6458	6312	die	Bauart	Bauarten	type of construction	UNSET	
6459	4119	der	Befürworter	Befürworter	proponent	B2	
6460	6314	die	Behebung	Behebungen	adjustment/rectification/removal	C1	
6461	6315	die	Beibehaltung	Beibehaltungen	retention/continuation	UNSET	
6462	6316	der	Beifall	—	applause/clapping	UNSET	
6463	6317	der	Beitritt	Beitritte	accession/adhesion	UNSET	
6464	6318	die	Berufsfeuerwehr	Berufsfeuerwehren	professional fire brigade	UNSET	
6465	6319	der	Besteller	Besteller	orderer	UNSET	
6466	6320	das	Betäubungsmittel	Betäubungsmittel	narcotic	UNSET	
6467	6321	die	Bewerbungsmappe	Bewerbungsmappen	application portfolio	UNSET	
6468	3054	die	Bildungschance	Bildungschancen	educational opportunity	B1	
6469	6323	das	Bindegewebe	Bindegewebe	connective tissue	UNSET	
6470	3598	das	Brautpaar	Brautpaare	bridal couple/bridal pair	A2	
6471	6325	die	Daseinsvorsorge	—	public services	UNSET	
6472	6326	der	Datenverkehr	—	data traffic	UNSET	
6473	1625	die	Designerin	Designerinnen	designer (female)	A1	
6474	6328	der	Detektiv	Detektive	detective	B2	
6475	6329	die	Drehe	—	turn/spin (colloquial)	UNSET	
6476	6330	das	Dunkel	—	darkness/dark	UNSET	
6477	4471	das	Einfühlungsvermögen	—	empathy/intuition/sensitivity	C1	
6478	6332	die	Einkehr	—	contemplation/stop for refreshment	UNSET	
6479	6333	der	Einrichtungsgegenstand	Einrichtungsgegenstände	furnishing item/item of furniture	UNSET	
6480	6334	die	Einwanderung	Einwanderungen	immigration	UNSET	
6481	6335	die	Einzigartigkeit	Einzigartigkeiten	uniqueness	UNSET	
6482	6336	der	Elektroniker	Elektroniker	electronics technician	UNSET	
6483	6337	der	Elternabend	Elternabende	parents' evening	UNSET	
6484	6338	das	Endergebnis	Endergebnisse	end result/final result	UNSET	
6485	6339	die	Enthaltung	Enthaltungen	abstention/abstinence	UNSET	
6486	6340	der	Entzug	Entzüge	revoking/withdrawal	UNSET	
6487	6341	die	Epilepsie	Epilepsien	epilepsy/grand mal	UNSET	
6488	6342	die	Erlangung	—	attainment	UNSET	
6489	6343	das	Fachpublikum	Fachpublika	specialist audience/professional audience	UNSET	
6490	6344	die	Fahrlässigkeit	Fahrlässigkeiten	negligence	UNSET	
6491	6345	das	Fahrzeugpapier	Fahrzeugpapiere	vehicle document	UNSET	
6492	6346	die	Fälschung	Fälschungen	forgery	C1	
6493	6347	die	Fee	Feen	fairy/fay/pixie	UNSET	
6494	6348	der	Feuerwehrmann	Feuerwehrleute	firefighter/fireman	UNSET	
6495	6349	der	Flugplatz	Flugplätze	airfield	UNSET	
6496	6350	die	Folter	Foltern	torture	UNSET	
6497	861	der	Geburtsort	Geburtsorte	birthplace	A1	
6498	6352	der	Geldbetrag	Geldbeträge	amount/sum	UNSET	
6499	6353	das	Gesamtergebnis	Gesamtergebnisse	overall result/total result	UNSET	
6500	6354	die	Geschäftstätigkeit	Geschäftstätigkeiten	business activity/business operations	UNSET	
6501	6355	der	Gesellschaftsvertrag	Gesellschaftsverträge	articles of association/social contract	UNSET	
6502	6356	das	Gestell	Gestelle	rack	UNSET	
6503	6357	der	Gesundheitsminister	Gesundheitsminister	minister of health/secretary of health	UNSET	
6504	4472	die	Gleichheit	Gleichheiten	equality	C1	
6505	6359	der	Großkonzern	Großkonzerne	large enterprise	UNSET	
6506	6360	die	Grundordnung	Grundordnungen	basic order/constitutional order	UNSET	
6507	6361	der	Hausrat	—	household goods	B2	
6508	6362	der	Höhenunterschied	Höhenunterschiede	height difference	UNSET	
6509	6363	der	Hohlraum	Hohlräume	cavity/hollow space	UNSET	
6510	6364	die	Individualisierung	Individualisierungen	individualisation	UNSET	
6511	6365	der	Insider	Insider	insider	UNSET	
6512	6366	die	Karikatur	Karikaturen	caricature/cartoon	C1	
6513	6367	die	Klassenlehrerin	Klassenlehrerinnen	class teacher/homeroom teacher	UNSET	
6514	6368	die	Klassifizierung	Klassifizierungen	classification	UNSET	
6515	6369	die	Klimapolitik	Klimapolitiken	climate policy	UNSET	
6516	6370	das	Komma	Kommas	comma	B2	
6517	4473	die	Konfrontation	Konfrontationen	confrontation	C1	
6518	3600	der	Konzertsaal	Konzertsäle	concert hall	A2	
6519	6373	das	Kriegen	—	getting/receiving	UNSET	
6520	6374	das	Kulturangebot	Kulturangebote	cultural offerings	UNSET	
6521	6375	die	Kultusministerin	Kultusministerinnen	minister of education/culture (female)	UNSET	
6522	6376	der	Lektor	Lektoren	(publisher's) editor; language assistant/lecturer	UNSET	
6523	6377	der	Liberale	Liberalen	liberal (person)	UNSET	adjectivalNoun
6524	6378	der	Loser	Loser	loser	UNSET	
6525	6379	der	Markenname	Markennamen	brand name/proprietary name/trade name	UNSET	
6526	6380	die	Masern	Masern	measles	C1	
6527	6381	das	Mauerwerk	Mauerwerke	masonry	UNSET	
6528	6382	der	Missionar	Missionare	missionary	UNSET	
6529	6383	der	Muttersprachler	Muttersprachler	native speaker	B2	
6530	3509	die	Nervosität	—	nervousness	A2	
6531	6385	die	Neuorientierung	Neuorientierungen	reorientation	C1	
6532	6386	das	Opernhaus	Opernhäuser	opera house	UNSET	
6533	3602	das	Päckchen	Päckchen	parcel/small packet	A2	
6534	6388	der	Pater	Patres	father (priest)	UNSET	
6535	6389	das	Personalwesen	—	human resources/personnel	UNSET	
6536	6390	die	Preiserhöhung	Preiserhöhungen	price increase	UNSET	
6537	6391	der	Pressesprecher	Pressesprecher	press officer	B2	
6538	6392	das	Raubtier	Raubtiere	predator	UNSET	
6539	6393	die	Raumstation	Raumstationen	space platform/space station	UNSET	
6540	6394	das	Reinigungsmittel	Reinigungsmittel	cleaning agent/detergent	UNSET	
6541	4474	der	Riegel	Riegel	bar/bolt	C1	
6542	6396	die	Rückführung	Rückführungen	repatriation/return	UNSET	
6543	6397	der	Rückruf	Rückrufe	callback/recall	UNSET	
6544	6398	der	Rüstungsexport	Rüstungsexporte	arms export	UNSET	
6545	6399	der	Saisonstart	Saisonstarts	season start	UNSET	
6546	6400	der	Scheinwerfer	Scheinwerfer	headlight/spotlight	UNSET	
6547	6401	die	Scheu	—	shyness	B2	
6548	6402	das	Schlagzeug	Schlagzeuge	drum kit/drum set/drums	C1	
6549	6403	das	Schulwesen	—	school system	UNSET	
6550	6404	die	Schwalbe	Schwalben	swallow (bird); (football) dive	UNSET	
6551	6405	die	Schwangerschaftswoche	Schwangerschaftswochen	week of pregnancy	UNSET	
6552	6406	die	Sehne	Sehnen	tendon/sinew; (geometry) chord	UNSET	
6553	6407	die	Skala	Skalen	scale	UNSET	
6554	6408	die	Sommerzeit	Sommerzeiten	daylight saving time/summer time	UNSET	
6555	6409	der	Sonnenschirm	Sonnenschirme	parasol	UNSET	
6556	3055	die	Soße	Soßen	sauce	B1	
6557	6411	der	Spass	Spässe	fun (Swiss spelling of Spaß)	UNSET	
6558	6412	die	Staatsoper	Staatsopern	state opera	UNSET	
6559	6413	der	Starter	Starter	starter	UNSET	
6560	6414	die	Stellvertreterin	Stellvertreterinnen	deputy	B2	
6561	6415	der	Sternsinger	Sternsinger	carol singer/caroler/caroller	UNSET	
6562	6416	die	Sternstunde	Sternstunden	moment of glory	UNSET	
6563	6417	die	Steuereinnahme	Steuereinnahmen	tax revenue	UNSET	
6564	6418	das	Strafrecht	—	criminal law	UNSET	
6565	6419	der	Strahlenschutz	—	radiation protection	UNSET	
6566	6420	der	Streich	Streiche	prank/strike/trick	UNSET	
6567	6421	die	Synthese	Synthesen	synthesis	UNSET	
6568	6422	der	Taucher	Taucher	diver/grebe	UNSET	
6569	6423	das	Teilgebiet	Teilgebiete	area/branch	C1	
6570	6424	die	Teilnahmegebühr	Teilnahmegebühren	participation fee/entry fee	UNSET	
6571	6425	das	Testspiel	Testspiele	friendly (match)	UNSET	
6572	6426	die	Trägerin	Trägerinnen	carrier/sponsor (female)	UNSET	
6573	6427	die	Transplantation	Transplantationen	transplant/transplantation	UNSET	
6574	6428	das	Trauma	Traumata	trauma	UNSET	
6575	6429	die	Trophäe	Trophäen	trophy/tropæum	B2	
6576	6430	die	Überwachungskamera	Überwachungskameras	CCTV camera/surveillance camera	C1	
6577	6431	der	Umweltminister	Umweltminister	environment minister	UNSET	
6578	6432	die	Umweltzone	Umweltzonen	low-emission zone/environmental zone	UNSET	
6579	6433	die	Unfallchirurgie	—	trauma surgery	UNSET	
6580	6434	die	Veranlagung	Veranlagungen	predisposition/taxation	C1	
6581	3603	die	Verfilmung	Verfilmungen	film adaptation	A2	
6582	6436	das	Vergessen	—	forgetting/oblivion	UNSET	
6583	6437	das	Verkehrsaufkommen	Verkehrsaufkommen	traffic volume	UNSET	
6584	3057	das	Verkehrszeichen	Verkehrszeichen	traffic sign	B1	
6585	6439	die	Versorgungssicherheit	Versorgungssicherheiten	security of supply/supply reliability	UNSET	
6586	6440	die	Volksbank	Volksbanken	Volksbank/cooperative bank	UNSET	
6587	6441	die	Webcam	Webcams	webcam	UNSET	
6588	4121	das	Weltkulturerbe	—	World Cultural Heritage	B2	
6589	4475	der	Wettstreit	Wettstreite	contest	C1	
6590	6444	das	Whiteboard	Whiteboards	interactive whiteboard/whiteboard	UNSET	
6591	6445	das	Winterquartier	Winterquartiere	winter accommodation	UNSET	
6592	6446	das	Wirtschaftsjahr	Wirtschaftsjahre	financial year/fiscal year	UNSET	
6593	1627	die	Wohnungssuche	Wohnungssuchen	accommodation search	A1	
6594	6448	der	Zeitgeist	—	spirit of the age/spirit of the times/zeitgeist	C1	
6595	6450	der	Zivilsenat	Zivilsenate	civil senate	UNSET	
6596	6451	die	Abbuchung	Abbuchungen	debiting/direct debit/write-off	UNSET	
6597	6452	der	Abenteurer	Abenteurer	adventurer/carpetbagger	UNSET	
6598	6453	die	Abschätzung	Abschätzungen	assessment	UNSET	
6599	6454	das	Aggregat	Aggregate	aggregate/aggregation/unit	UNSET	
6600	6455	das	Aktenzeichen	Aktenzeichen	file number/file reference number/record token	UNSET	
6601	6456	die	Alarmanlage	Alarmanlagen	alarm system/burglar alarm	C1	
6602	6457	die	Alster	Alstern	Alster (river/lake in Hamburg)	UNSET	
6603	6458	die	Anspannung	Anspannungen	tension	UNSET	
6604	6459	die	Anwendbarkeit	Anwendbarkeiten	applicability	UNSET	
6605	6460	die	Arbeitgeberin	Arbeitgeberinnen	employer	UNSET	
6606	6461	die	Arbeitsstunde	Arbeitsstunden	working hour/labour hour	UNSET	
6607	6462	die	Ausgrabung	Ausgrabungen	excavation	UNSET	
6608	6463	die	Außenwand	Außenwände	exterior wall	UNSET	
6609	6464	der	Badegast	Badegäste	bather/swimmer	UNSET	
6610	6465	die	Baugruppe	Baugruppen	assembly/board/module	UNSET	
6611	6466	der	Begründer	Begründer	founder	UNSET	
6612	6467	der	Behördengang	Behördengänge	bureaucratic errand	C1	
6613	6468	der	Beifahrer	Beifahrer	co-driver/front-seat passenger	UNSET	
6614	6469	das	Bergwerk	Bergwerke	mine	UNSET	
6615	6470	die	Betäubung	Betäubungen	anaesthetic/dazing/deadening	UNSET	
6616	6471	der	Betriebsarzt	Betriebsärzte	company doctor/occupational physician	UNSET	
6617	6472	das	Bildungsministerium	Bildungsministerien	Department of Education/Ministry of Education	UNSET	
6618	6473	die	Boutique	Boutiquen	boutique	UNSET	
6619	6474	der	Branchenverband	Branchenverbände	sector association	B2	
6620	6475	die	Brennweite	Brennweiten	focal distance/focal length/focal width	UNSET	
6621	6476	der	Brutplatz	Brutplätze	breeding ground	UNSET	
6622	6477	der	Bulle	Bullen	bull/cop/copper/cop (slang)	UNSET	
6623	6478	das	Bundeskartellamt	—	Federal Cartel Office	UNSET	
6624	6479	der	Bundesvorsitzende	Bundesvorsitzenden	federal chairperson	UNSET	adjectivalNoun
6625	6480	die	Busfahrt	Busfahrten	bus journey	UNSET	
6626	6481	das	Cabrio	Cabrios	cabriolet/convertible/convertible car	UNSET	
6627	3058	die	Chipkarte	Chipkarten	chip card/smart card	B1	
6628	6483	das	Computerprogramm	Computerprogramme	computer program	UNSET	
6629	6484	der	Dachboden	Dachböden	attic/loft	UNSET	
6630	6485	die	Dämmerung	Dämmerungen	twilight	UNSET	
6631	6486	die	Diagonale	Diagonalen	diagonal/slant	UNSET	
6632	6487	die	Disposition	Dispositionen	disposition	UNSET	
6633	6488	die	Domäne	Domänen	domain	UNSET	
6634	6489	der	Durchschnittspreis	Durchschnittspreise	average price	UNSET	
6635	6490	das	Eigen	—	one's own/the self	UNSET	
6636	6491	die	Eigenart	Eigenarten	peculiarity	UNSET	
6637	6492	das	Einwohnermeldeamt	Einwohnermeldeämter	residents' registration office	UNSET	
6638	1628	die	Endung	Endungen	ending (grammatical); suffix	A1	
6639	6494	die	Energiepolitik	—	energy policy	UNSET	
6640	6495	die	Erwartungshaltung	Erwartungshaltungen	expectations	UNSET	
6641	6496	der	Espresso	Espressos	espresso	UNSET	
6642	6497	die	Familienfreundlichkeit	—	family friendliness	UNSET	
6643	6498	der	Festpreis	Festpreise	fixed price	UNSET	
6644	6499	die	Folgekosten	Folgekosten	consequential charges/consequential costs/follow-up costs	UNSET	
6645	6500	die	Forschungsförderung	Forschungsförderungen	funding of science/research funding	UNSET	
6646	6501	die	Freischaltung	Freischaltungen	activation/unlocking	UNSET	
6647	6502	die	Freiwilligkeit	—	voluntariness	UNSET	
6648	6503	das	Fruchtfleisch	—	flesh/pulp (of fruit)	UNSET	
6649	6504	das	Fundstück	Fundstücke	find/discovery	UNSET	
6650	6505	der	Fünftklässler	Fünftklässler	fifth-grader	UNSET	
6651	6506	die	Gärtnerei	Gärtnereien	gardening/nursery	UNSET	
6652	6507	das	Gebüsch	Gebüsche	bushes/copse/shrubbery	UNSET	
6653	6508	der	Gegenspieler	Gegenspieler	adversary/antagonist	UNSET	
6654	3604	der	Gehörlose	Gehörlosen	deaf person/deaf people	A2	adjectivalNoun
6655	6510	die	Genesung	Genesungen	recovery	UNSET	
6656	6511	die	Gesamtsumme	Gesamtsummen	sum	UNSET	
6657	6512	die	Geschäftsentwicklung	Geschäftsentwicklungen	business development	UNSET	
6658	6513	das	Gesetzbuch	Gesetzbücher	code	UNSET	
6659	6514	das	Gesundheitsrisiko	Gesundheitsrisiken	health hazard	UNSET	
6660	6515	die	Gunst	—	favour/favourableness	B2	
6661	6516	das	Handwerkszeug	Handwerkszeuge	tools/tools of the trade	UNSET	
6662	6517	der	Hashtag	Hashtags	hashtag	UNSET	
6663	6518	das	Hauptaugenmerk	—	focus	UNSET	
6664	3059	der	Heimatort	Heimatorte	home town	B1	
6665	6520	die	Herzfrequenz	Herzfrequenzen	heart rate	B2	
6666	6521	der	Hilfsdienst	Hilfsdienste	auxiliary service/relief service	UNSET	
6667	6522	die	Hosentasche	Hosentaschen	pocket/trouser pocket	B2	
6668	6523	die	Humanmedizin	—	human medicine	UNSET	
6669	6524	der	Illustrator	Illustratoren	illustrator	UNSET	
6670	6525	der	Immobilienpreis	Immobilienpreise	real estate price	UNSET	
6671	6526	die	Industrieanlage	Industrieanlagen	industrial plant/industrial facility	UNSET	
6672	6527	die	Infotafel	Infotafeln	information board	UNSET	
6673	6528	die	Injektion	Injektionen	injection/shot	UNSET	
6674	4122	der	Kabarettist	Kabarettisten	cabaret artist	B2	
6675	6530	das	Kernkraftwerk	Kernkraftwerke	nuclear power station/nuclear powerplant	UNSET	
6676	6531	der	Kessel	Kessel	basin/boiler/cauldron	UNSET	
6677	4123	die	Kommunikationsfähigkeit	Kommunikationsfähigkeiten	communication ability	B2	
6678	6533	die	Körperhaltung	Körperhaltungen	posture	C1	
6679	6534	die	Krebsart	Krebsarten	type of cancer	UNSET	
6680	6535	die	Krebszelle	Krebszellen	cancer cell	UNSET	
6681	6536	der	Kreditgeber	Kreditgeber	lender/creditor	UNSET	
6682	6537	die	Küchenzeile	Küchenzeilen	kitchenette/kitchen units	UNSET	
6683	6538	der	Kursteilnehmer	Kursteilnehmer	course participant	UNSET	
6684	6539	die	Landesbank	Landesbanken	regional bank	UNSET	
6685	6540	der	Landesbischof	Landesbischöfe	regional bishop	UNSET	
6686	6541	das	Landeskriminalamt	Landeskriminalämter	state criminal police office	UNSET	
6687	6542	die	Locke	Locken	curl/lock (of hair)	C1	
6688	6543	das	Magnesium	—	magnesium	UNSET	
6689	6544	die	Mietpreisbremse	Mietpreisbremsen	rent control/rent cap	UNSET	
6690	6545	der	Montagmorgen	Montagmorgen	Monday morning	UNSET	
6691	6546	das	Mosaik	Mosaiken	mosaic	UNSET	
6692	6547	der	Musikunterricht	—	music lessons	B2	
6693	6548	die	Mutation	Mutationen	mutation/voice mutation	UNSET	
6694	6549	der	Neueinsteiger	Neueinsteiger	newcomer	UNSET	
6695	6550	die	Nutzfläche	Nutzflächen	usable floor area/usable area	UNSET	
6696	6551	die	Oberbürgermeisterin	Oberbürgermeisterinnen	mayor (female)/lord mayor (female)	UNSET	
6697	4476	der	Optimismus	—	optimism	C1	
6698	3060	die	Panne	Pannen	breakdown/mishap	A2	
6699	6554	die	Passion	Passionen	passion	C1	
6700	6555	die	Planstelle	Planstellen	established position	UNSET	
6701	6556	die	Produktinformation	Produktinformationen	product information	UNSET	
6702	6557	die	Produktionstechnik	Produktionstechniken	production technology/production engineering	UNSET	
6703	6558	die	Projektion	Projektionen	projection	UNSET	
6704	6559	der	Punk	Punks	punk	UNSET	
6705	6560	die	Rarität	Raritäten	infrequency/rareness/rarity	UNSET	
6706	6561	die	Reklamation	Reklamationen	claim/complaint/consumer complaint	B2	
6707	6562	das	Relief	Reliefs	relief	UNSET	
6708	4125	der	Rost	—	rust	B2	
6709	6564	der	Rückfall	Rückfälle	recidivism/relapse	UNSET	
6710	6565	die	Scham	—	shame/embarrassment	UNSET	
6711	6566	der	Schlafraum	Schlafräume	dormitory	B2	
6712	6567	der	Schuppen	Schuppen	shed	UNSET	
6713	1887	der	Schweizer	Schweizer	Swiss	A2	
6714	6569	die	Senatorin	Senatorinnen	senator (female)	UNSET	
6715	6570	der	Siegeszug	Siegeszüge	triumphal advance/success story	UNSET	
6716	6571	der	Spagat	Spagate	splits	UNSET	
6717	6572	die	Spielregel	Spielregeln	rule of the game	B2	
6718	6573	die	Sportwissenschaft	Sportwissenschaften	sports science	UNSET	
6719	6574	die	Staatsanleihe	Staatsanleihen	government bond	UNSET	
6720	6575	der	Staatspräsident	Staatspräsidenten	president/president of the Republic/president of the State	UNSET	
6721	6576	der	Straftäter	Straftäter	criminal/delinquent/offender	UNSET	
6722	6577	die	Strahlentherapie	Strahlentherapien	radiation therapy	UNSET	
6723	6578	der	Suchende	Suchenden	searcher/seeker	UNSET	adjectivalNoun
6724	6579	das	Synonym	Synonyme	synonym	B2	
6725	6580	die	Tanne	Tannen	fir	UNSET	
6726	6581	der	Technologietransfer	Technologietransfers	technology transfer	UNSET	
6727	6582	der	Tierversuch	Tierversuche	animal experiment	UNSET	
6728	6583	das	Triebwerk	Triebwerke	engine/powerplant	UNSET	
6729	6584	die	Überforderung	Überforderungen	excessive demand/overextension/overload	UNSET	
6730	6585	das	Ubuntu	—	Ubuntu (operating system/philosophy)	UNSET	
6731	6586	die	Umbaumaßnahme	Umbaumaßnahmen	renovation measure/remodelling measure	UNSET	
6732	6587	der	Unterschlupf	Unterschlüpfe	shelter	UNSET	
6733	6588	die	Unterversorgung	Unterversorgungen	undersupply	UNSET	
6734	6589	der	Unterzeichner	Unterzeichner	signatory/signer	UNSET	
6735	6590	der	Verbündete	Verbündeten	ally	UNSET	adjectivalNoun
6736	6591	der	Verkehrsweg	Verkehrswege	traffic route/transport route	UNSET	
6737	6592	der	Verleih	Verleihe	rental	UNSET	
6738	6593	die	Vermehrung	Vermehrungen	proliferation/reproduction	UNSET	
6739	6594	der	Vermerk	Vermerke	comment/endorsement/memo	UNSET	
6740	6595	die	Verminderung	Verminderungen	decrease/decreation/lessening	UNSET	
6741	6596	der	Vermittlungsausschuss	Vermittlungsausschüsse	mediation committee	UNSET	
6742	4477	das	Versehen	Versehen	accident/inadvertence/mistake	C1	
6743	6598	die	Versprechung	Versprechungen	promise	UNSET	
6744	6599	die	Verstopfung	Verstopfungen	constipation/blockage	UNSET	
6745	6600	der	Vertriebsweg	Vertriebswege	distribution channel/sales channel	UNSET	
6746	6601	die	Vizepräsidentin	Vizepräsidentinnen	vice president	UNSET	
6747	6602	der	Vorläufer	Vorläufer	forerunner/precursor	UNSET	
6748	6603	die	Vorratsdatenspeicherung	Vorratsdatenspeicherungen	data preservation/data retention/telecommunications data retention	UNSET	
6749	6604	der	Wahlgang	Wahlgänge	ballot/round of voting	UNSET	
6750	6605	die	Wasserfläche	Wasserflächen	water area	UNSET	
6751	6606	die	Weiterbildungsmaßnahme	Weiterbildungsmaßnahmen	continuing education measure/training programme	UNSET	
6752	3606	die	Weltreise	Weltreisen	trip around the world/world tour	A2	
6753	6608	die	Wiedereröffnung	Wiedereröffnungen	reopening	UNSET	
6754	6609	die	Wunschliste	Wunschlisten	wish list/wishlist	UNSET	
6755	6610	der	Zahlungseingang	Zahlungseingänge	receipt of payment/incoming payment	UNSET	
6756	6611	der	Zahlungsverkehr	—	monetary transactions/payment transactions/payments	UNSET	
6757	6612	die	Zehe	Zehen	toe; clove (of garlic)	UNSET	
6758	6613	das	Zeichnen	—	drawing/art	UNSET	
6759	6614	die	Zeitgeschichte	Zeitgeschichten	contemporary history	UNSET	
6760	6615	die	Zulassungsbescheinigung	Zulassungsbescheinigungen	certificate of registration/registration certificate	UNSET	
6761	6616	die	Zusammenkunft	Zusammenkünfte	congress/convention/gathering	UNSET	
6762	6617	der	Zweckverband	Zweckverbände	special-purpose association	UNSET	
6763	6618	der	Abenteuerspielplatz	Abenteuerspielplätze	adventure playground	UNSET	
6764	6619	die	Abstammung	Abstammungen	descent	B2	
6765	6620	der	Abt	Äbte	abbot	UNSET	
6766	6621	die	Abwärme	—	waste heat	UNSET	
6767	6622	die	Altlast	Altlasten	contaminated land/contaminated site/contaminated waste	UNSET	
6768	4478	das	Anforderungsprofil	Anforderungsprofile	job specification/profile of qualification/profile of requirements	C1	
6769	6624	der	Anschein	—	appearance/impression	UNSET	
6770	6625	das	Atmen	—	breathing	UNSET	
6771	6626	die	Ausbildungsförderung	Ausbildungsförderungen	educational assistance/training funding	UNSET	
6772	6627	die	Ausfertigung	Ausfertigungen	copy/engrossment	UNSET	
6773	6628	das	Ausschalten	—	switching off	UNSET	
6774	6629	der	Bauchschmerz	Bauchschmerzen	abdominal pain/abdominalgia/bellyache	UNSET	
6775	6630	die	Begehung	Begehungen	inspection/site visit	UNSET	
6776	6631	die	Begrifflichkeit	Begrifflichkeiten	terminology/conceptual framework	UNSET	
6777	6632	die	Bekanntschaft	Bekanntschaften	acquaintance/acquaintanceship	B2	
6778	6633	der	Berichtszeitraum	Berichtszeiträume	report period	UNSET	
6779	4479	die	Besiedlung	Besiedlungen	settlement/colonisation	C1	
6780	6635	das	Bike	Bikes	bike	UNSET	
6781	6636	das	Blutkörperchen	Blutkörperchen	blood cell	UNSET	
6782	6637	der	Borkenkäfer	Borkenkäfer	bark beetle	UNSET	
6783	6638	der	Börsengang	Börsengänge	initial public offering	UNSET	
6784	6639	die	Bratwurst	Bratwürste	bratwurst/fried sausage	UNSET	
6785	6640	das	Bruttoinlandsprodukt	Bruttoinlandsprodukte	gross domestic product	UNSET	
6786	6641	der	Clown	Clowns	clown	C1	
6787	6642	der	Datentransfer	Datentransfers	data transfer	UNSET	
6788	6643	der	Einkaufswagen	Einkaufswagen	shopping cart/shopping trolley	A1	
6789	6644	der	Elan	—	go/vigor/vim	UNSET	
6790	6645	die	Elektrifizierung	Elektrifizierungen	electrification	UNSET	
6791	6646	die	Elternschaft	Elternschaften	parenthood	UNSET	
6792	6647	der	Endeffekt	Endeffekte	upshot/net result; (im Endeffekt) ultimately, in the end	UNSET	
6793	6648	der	Energieberater	Energieberater	energy adviser	UNSET	
6794	6649	die	Energieerzeugung	—	energy generation/power generation	UNSET	
6795	6650	das	Energiesparen	—	energy saving	UNSET	
6796	6651	der	Energiespeicher	Energiespeicher	energy storage	UNSET	
6797	6652	die	Erfolgsaussicht	Erfolgsaussichten	prospect of success	UNSET	
6798	6653	die	Ermordung	Ermordungen	assassination/murder	UNSET	
6799	6654	die	Exposition	Expositionen	exposition/show	UNSET	
6800	6655	das	Fachmagazin	Fachmagazine	trade magazine/specialist magazine	UNSET	
6801	6656	der	Fachunterricht	—	subject teaching/specialized instruction	C1	
6802	6657	der	Feldweg	Feldwege	field path/dirt road	UNSET	
6803	6658	die	Festigkeit	Festigkeiten	decidedness/firmness/rigidity	UNSET	
6804	6659	das	Flächenland	Flächenländer	territorial state/non-city state	UNSET	
6805	6660	das	Forschungsthema	Forschungsthemen	research subject	UNSET	
6806	6661	das	Frauenhaus	Frauenhäuser	women's shelter	UNSET	
6807	6662	die	Freeware	Freewares	freeware	UNSET	
6808	4126	die	Fremdenfeindlichkeit	Fremdenfeindlichkeiten	xenophobia	B2	
6809	3608	das	Gartenhaus	Gartenhäuser	garden shed/summer house	A2	
6810	6665	das	Gästezimmer	Gästezimmer	guest room	UNSET	
6811	6666	der	Geldgeber	Geldgeber	investor/sponsor	UNSET	
6812	6667	das	Genießen	—	enjoying/enjoyment	UNSET	
6813	6668	die	Genossenschaftsbank	Genossenschaftsbanken	cooperative bank	UNSET	
6814	6669	die	Grabstätte	Grabstätten	gravesite	UNSET	
6815	6670	die	Haftstrafe	Haftstrafen	imprisonment	UNSET	
6816	6671	der	Handelspartner	Handelspartner	commercial partner/trade partner/trading partner	UNSET	
6817	6672	der	Hauptausschuss	Hauptausschüsse	main committee	UNSET	
6818	6673	das	Herzogtum	Herzogtümer	duchy/dukedom	UNSET	
6819	6674	der	Hesse	Hessen	Hessian	UNSET	
6820	6675	die	Honigbiene	Honigbienen	honey bee	UNSET	
6821	6676	der	Informationsstand	Informationsstände	information booth	UNSET	
6822	6677	das	Innenleben	—	inner feelings/inner workings	UNSET	
6823	6678	das	Investitionsprogramm	Investitionsprogramme	investment programme/investment program	UNSET	
6824	6679	das	Jahrbuch	Jahrbücher	yearbook	UNSET	
6825	6680	die	Jahreshauptversammlung	Jahreshauptversammlungen	annual general meeting	UNSET	
6826	3609	der	Jura	—	law	A2	
6827	6682	der	Juror	Juroren	juror	UNSET	
6828	6683	der	Käfig	Käfige	cage	B2	
6829	6684	die	Kandidatur	Kandidaturen	candidacy/candidature	UNSET	
6830	6685	die	Kaserne	Kasernen	barracks	UNSET	
6831	6686	die	Kinderseite	Kinderseiten	children's page	UNSET	
6832	6687	die	Kirchensteuer	Kirchensteuern	church tax	UNSET	
6833	6688	das	Konstrukt	Konstrukte	construct	C1	
6834	6689	die	Kreissparkasse	Kreissparkassen	district savings bank	UNSET	
6835	6690	die	Küchenmaschine	Küchenmaschinen	food processor	UNSET	
6836	6691	die	Kulturpflanze	Kulturpflanzen	crop/crop plant	UNSET	
6837	6692	die	Kunstakademie	Kunstakademien	academy of arts	C1	
6838	6693	die	Kunstsammlung	Kunstsammlungen	art collection	C1	
6839	6694	die	Lebensführung	—	lifestyle/way of life	UNSET	
6840	6695	der	Leerstand	Leerstände	vacancy	UNSET	
6841	6696	der	Leistungskurs	Leistungskurse	advanced course	UNSET	
6842	6697	der	Leistungsnachweis	Leistungsnachweise	proof of achievement/performance record	UNSET	
6843	6698	das	Lernmaterial	Lernmaterialien	educational material/learning material	B2	
6844	6699	die	Lesbarkeit	—	readability	UNSET	
6845	6700	die	Liebesgeschichte	Liebesgeschichten	love affair/love story/romance	UNSET	
6846	6701	die	Literaturwissenschaft	Literaturwissenschaften	literary studies	C1	
6847	6702	die	Liturgie	Liturgien	liturgy	UNSET	
6848	4480	die	Loyalität	Loyalitäten	loyalty	C1	
6849	6704	der	Luftdruck	Luftdrücke	air pressure/atmospheric pressure	UNSET	
6850	6705	das	Luxushotel	Luxushotels	luxury hotel	UNSET	
6851	6706	der	Mainstream	—	mainstream	UNSET	
6852	1159	die	Marmelade	Marmeladen	jam/marmalade/snarl-up	A1	
6853	6708	die	Metro	Metros	metro/subway	UNSET	
6854	6709	der	Mist	—	rubbish/nonsense; (Mist!) damn!; (farming) dung/manure	A1	
6855	3062	das	Mitgefühl	—	compassion/sympathy	B1	
6856	6711	das	Mittelgebirge	Mittelgebirge	low mountains/low-mountain region	UNSET	
6857	6712	das	Mobiliar	Mobiliare	furniture/furnishings	UNSET	
6858	6713	der	Naturschützer	Naturschützer	conservationist	UNSET	
6859	3530	das	Navi	Navis	GPS/satnav	A2	
6860	6715	die	Niederschlagsmenge	Niederschlagsmengen	precipitation/rainfall	UNSET	
6861	6716	der	Nistkasten	Nistkästen	nesting box/birdhouse	UNSET	
6862	6717	die	Oberseite	Oberseiten	upper side/top side	UNSET	
6863	6718	die	Organisationseinheit	Organisationseinheiten	organisational unit	UNSET	
6864	1890	die	Polizistin	Polizistinnen	police officer (female)/policewoman	A1	
6865	6720	die	Privatisierung	Privatisierungen	privatisation	UNSET	
6866	6721	die	Probefahrt	Probefahrten	test drive	UNSET	
6867	6722	der	Prostituierte	Prostituierten	male prostitute	UNSET	adjectivalNoun
6868	6723	die	Prozedur	Prozeduren	procedure	UNSET	
6869	6724	die	Radikalisierung	Radikalisierungen	radicalisation	UNSET	
6870	6725	die	Reaktionszeit	Reaktionszeiten	reaction time/response time	B2	
6871	6726	das	Review	Reviews	review	UNSET	
6872	6727	das	Richtfest	Richtfeste	topping out	UNSET	
6873	6728	der	Rohbau	Rohbauten	shell/structural building work	UNSET	
6874	6729	der	Rosengarten	Rosengärten	rose garden	UNSET	
6875	6730	das	Rudel	Rudel	pack	UNSET	
6876	6731	der	Saalbau	Saalbauten	hall building	UNSET	
6877	3063	das	Schaubild	Schaubilder	chart/diagram/schematic	B1	
6878	6733	der	Schaum	Schäume	foam/froth/lather	UNSET	
6879	6734	der	Schluck	Schlucke	drop/gulp/sip	C1	
6880	6735	das	Schulprogramm	Schulprogramme	school programme/school program	UNSET	
6881	6736	die	Selbstverpflichtung	Selbstverpflichtungen	commitment/self-commitment	UNSET	
6882	6737	der	Sozialismus	Sozialismen	socialism	UNSET	
6883	4129	der	Soziologe	Soziologen	sociologist	B2	
6884	6739	der	Spitzenplatz	Spitzenplätze	top spot/leading position	UNSET	
6885	6740	das	Sportfest	Sportfeste	sports meeting	UNSET	
6886	6741	der	Sportunterricht	Sportunterrichte	physical education/sports lessons	UNSET	
6887	6742	die	Sportveranstaltung	Sportveranstaltungen	sport event	B2	
6888	6743	das	Standbein	Standbeine	mainstay	C1	
6889	6744	die	Stimmabgabe	Stimmabgaben	voting/casting a vote	UNSET	
6890	4483	das	Stimmrecht	Stimmrechte	voting right/right to vote	C1	
6891	6746	der	Stromausfall	Stromausfälle	blackout/power cut/power failure	UNSET	
6892	6747	die	Stube	Stuben	parlour/room	UNSET	
6893	6748	die	Tageskarte	Tageskarten	day ticket/day pass; daily menu	UNSET	
6894	6749	die	Tapete	Tapeten	wallpaper	UNSET	
6895	6751	das	Tiergehege	Tiergehege	animal enclosure	B2	
6896	6752	die	Überführung	Überführungen	transfer/overpass	UNSET	
6897	6753	die	Übersichtlichkeit	—	clarity	UNSET	
6898	6754	die	Unkenntnis	Unkenntnisse	ignorance	UNSET	
6899	6755	die	Unterrichtung	Unterrichtungen	instruction/information	UNSET	
6900	6756	der	Verfall	Verfälle	decadence/decay/depreciation	C1	
6901	6757	die	Verkaufsfläche	Verkaufsflächen	sale area	UNSET	
6902	6758	die	Versicherungspflicht	—	compulsory insurance/insurance obligation	UNSET	
6903	6759	die	Versuchung	Versuchungen	temptation	UNSET	
6904	6760	der	Viertklässler	Viertklässler	fourth-grader	UNSET	
6905	6761	die	Volksrepublik	Volksrepubliken	People's Republic	UNSET	
6906	6762	das	Volontariat	Volontariate	traineeship/internship	B2	
6907	6763	die	Vorstufe	Vorstufen	preliminary stage	C1	
6908	6764	die	Wachstumsrate	Wachstumsraten	growth rate	UNSET	
6909	6765	die	Wasseroberfläche	Wasseroberflächen	surface of the water/water surface	UNSET	
6910	6766	die	Weihnachtsferien	Weihnachtsferien	Christmas holidays	UNSET	
6911	6767	die	Wellenlänge	Wellenlängen	wavelength	UNSET	
6912	6768	die	Weltwirtschaft	—	world economy	UNSET	
6913	4130	der	Wendepunkt	Wendepunkte	inflection point/inflexion point/turning point	B2	
6914	6770	die	Yacht	Yachten	yacht	UNSET	
6915	6771	der	Zeitgenosse	Zeitgenossen	contemporary	UNSET	
6916	6772	das	Zink	—	zinc/zinc (metal)	UNSET	
6917	6773	die	Zufuhr	Zufuhren	supply/intake/feed	UNSET	
6918	4484	der	Zusammenbruch	Zusammenbrüche	breakdown/collapse/crash	B2	
6919	6775	der	Zweikampf	Zweikämpfe	duel/tackle	UNSET	
6920	4485	das	Abschlusszeugnis	Abschlusszeugnisse	diploma/leaving certificate	C1	
6921	6777	der	Ägypter	Ägypter	Egyptian	UNSET	
6922	6778	der	Albtraum	Albträume	bad dream/nightmare	UNSET	
6923	6779	die	Alltagssituation	Alltagssituationen	everyday situation	UNSET	
6924	6780	die	Anbaufläche	Anbauflächen	cultivation area	UNSET	
6925	6781	die	Anfangsphase	Anfangsphasen	first phase/initial phase	UNSET	
6926	6782	die	Anspielung	Anspielungen	allusion/innuendo/insinuation	UNSET	
6927	6783	das	Arbeitszeitmodell	Arbeitszeitmodelle	working-time model/work schedule model	UNSET	
6928	6784	der	Artgenosse	Artgenossen	conspecific	B2	
6929	6785	die	Ärzteschaft	Ärzteschaften	medical profession	UNSET	
6930	6786	der	Ausläufer	Ausläufer	offshoot	C1	
6931	6787	das	Ausrufezeichen	Ausrufezeichen	exclamation mark/exclamation point	UNSET	
6932	6788	das	Ballungsgebiet	Ballungsgebiete	congested area/conurbation	C1	
6933	6789	die	Bearbeitungsgebühr	Bearbeitungsgebühren	processing fee	UNSET	
6934	6790	der	Beistand	Beistände	aid/assistance/counsel	UNSET	
6935	6791	die	Bestnote	Bestnoten	top mark	UNSET	
6936	6792	die	Bestzeit	Bestzeiten	best time/record time	UNSET	
6937	6793	das	Beten	—	praying	UNSET	
6938	6794	der	Betreuungsplatz	Betreuungsplätze	care place/childcare slot	UNSET	
6939	6795	der	Biker	Biker	biker	UNSET	
6940	6796	das	Bildungswesen	Bildungswesen	education system	UNSET	
6941	6797	die	Birke	Birken	birch	UNSET	
6942	6798	die	Bronzemedaille	Bronzemedaillen	bronze medal	UNSET	
6943	6799	der	Bundesanzeiger	Bundesanzeiger	federal gazette	UNSET	
6944	6800	die	Charakterisierung	Charakterisierungen	characterisation	UNSET	
6945	1891	die	Chefin	Chefinnen	boss/manager	A1	
6946	6802	der	Dämon	Dämonen	daemon/demon	UNSET	
6947	6803	der	Delfin	Delfine	dolphin; (swimming) butterfly	UNSET	
6948	6804	der	Diktator	Diktatoren	dictator	UNSET	
6949	6805	der	Dinosaurus	Dinosaurier	dinosaur	UNSET	
6950	6806	die	Diskrepanz	Diskrepanzen	discrepancy	UNSET	
6951	6807	die	Eheleute	Eheleute	married couple	UNSET	
6952	6808	das	Empfinden	—	feeling/sensation	UNSET	
6953	6809	die	Empörung	Empörungen	indignation/insurrection/rebellion	B2	
6954	6810	das	Entfernen	—	removing/removal	UNSET	
6955	6811	die	Entgeltgruppe	Entgeltgruppen	remuneration group	UNSET	
6956	6812	die	Entwässerung	Entwässerungen	drainage	UNSET	
6957	6813	der	Entwicklungsstand	Entwicklungsstände	state of development	UNSET	
6958	6814	die	Erdkunde	—	geography	UNSET	
6959	6815	die	Erneuerbare	Erneuerbare	renewable energy	UNSET	
6960	6816	die	Erstaufnahmeeinrichtung	Erstaufnahmeeinrichtungen	initial reception centre/initial reception facility	UNSET	
6961	6817	das	Fahrgeschäft	Fahrgeschäfte	ride	UNSET	
6962	6818	die	Färbung	Färbungen	colouring/colouration	UNSET	
6963	6819	die	Fehlbildung	Fehlbildungen	malformation	UNSET	
6964	6820	der	Fischotter	Fischotter	Eurasian otter/European otter/otter	UNSET	
6965	6821	die	Fixierung	Fixierungen	fixation	UNSET	
6966	6822	das	Folkwang	—	Folkwang (university/museum name)	UNSET	
6967	6823	die	Freisetzung	Freisetzungen	release (of substances/energy); (euphemism) redundancy	UNSET	
6968	6824	der	Freitagnachmittag	Freitagnachmittage	Friday afternoon	UNSET	
6969	6825	das	Fundraising	—	fundraising	UNSET	
6970	6826	das	Gastland	Gastländer	guest nation/host country	UNSET	
6971	6827	das	Gefälle	Gefälle	decline/downward slope	UNSET	
6972	6828	die	Geheimhaltung	—	concealment/secrecy	UNSET	
6973	6829	der	Geliebte	Geliebten	beloved/lover	UNSET	adjectivalNoun
6974	6830	die	Geselligkeit	Geselligkeiten	sociability/conviviality	C1	
6975	6831	die	Glasflasche	Glasflaschen	glass bottle	UNSET	
6976	6832	der	Golfclub	Golfclubs	golf club	UNSET	
6977	6833	der	Golfplatz	Golfplätze	golf course	UNSET	
6978	6834	das	Graffito	Graffiti	graffito	UNSET	
6979	6835	das	Hauptfach	Hauptfächer	main subject/major	UNSET	
6980	6836	die	Hauptursache	Hauptursachen	main cause	UNSET	
6981	6837	das	Heu	—	hay	C1	
6982	6838	der	Hofladen	Hofläden	farm shop	UNSET	
6983	6839	der	Hub	Hübe	lift	UNSET	
6984	1631	die	Ingenieurin	Ingenieurinnen	engineer	A1	
6985	6841	die	Initiativbewerbung	Initiativbewerbungen	speculative application/unsolicited application	UNSET	
6986	6842	der	Insolvenzverwalter	Insolvenzverwalter	insolvency administrator/trustee in bankruptcy	UNSET	
6987	6843	die	Intensivierung	Intensivierungen	intensification	UNSET	
6988	6844	das	Item	Items	item	UNSET	
6989	6845	der	Jahresbeitrag	Jahresbeiträge	annual fee	UNSET	
6990	6846	das	Kap	Kaps	cape	UNSET	
6991	6847	das	Kinderspiel	Kinderspiele	child's play/piece of cake	UNSET	
6992	6848	die	Klarstellung	Klarstellungen	clarification	UNSET	
6993	4132	das	Koffein	—	caffeine	B2	
6994	6850	der	Kölner	Kölner	inhabitant of Cologne/native of Cologne	UNSET	
6995	4486	die	Lebensgefahr	Lebensgefahren	danger to life/mortal danger	C1	
6996	6852	das	Lehrjahr	Lehrjahre	apprenticeship year	C1	
6997	6853	die	Lernzeit	Lernzeiten	study time/learning period	UNSET	
6998	6854	die	Liegewiese	Liegewiesen	sunbathing lawn	UNSET	
6999	6855	der	Mac	Macs	Mac (Apple computer)	UNSET	
7000	6856	das	Maul	Mäuler	mouth/muzzle/snout (of an animal)	UNSET	
