rank	word	type	praeteritum	perfekt	auxiliary	english	cefr
1401	herkommen	irregular	kam her	hergekommen	sein	come/derive/originate	-
1402	hingehen	irregular	ging hin	hingegangen	sein	go	-
1403	kühlen	regular	-	-	UNSET	cool/refrigerate	-
1404	restaurieren	regular	-	-	UNSET	restore	B2
1405	schweigen	irregular	schwieg	geschwiegen	haben	be silent/keep a secret/keep quiet	B1
1406	streben	regular	-	-	UNSET	strive	C1
1407	verabreichen	regular	-	-	UNSET	administer/give	-
1408	zurückhalten	irregular	hielt zurück	zurückgehalten	haben	hold back/hold back on sth./hold off	B2
1409	abfahren	irregular	fuhr ab	abgefahren	sein	depart/leave/remove	A1
1410	anlehnen	regular	-	-	UNSET	lean against/model on	C1
1411	bestärken	regular	-	-	UNSET	encourage	C1
1412	beziffern	regular	-	-	UNSET	amount to/come to/estimate	-
1413	ergattern	regular	-	-	UNSET	get hold of	-
1414	kippen	regular	-	-	UNSET	cant/overturn/tilt	-
1415	spalten	irregular	spaltete	gespalten	haben	cleave/split	-
1416	verfehlen	regular	-	-	UNSET	fail/miss	-
1417	auffüllen	regular	-	-	UNSET	fill up/refill/replenish	-
1418	durchbrechen	irregular	brach durch	durchgebrochen	sein	appear/break in two/break through	-
1419	herausfordern	regular	-	-	UNSET	challenge/provoke	-
1420	lauern	regular	-	-	UNSET	lie in wait/lurk/watch	-
1421	mobilisieren	regular	-	-	UNSET	mobilise/stimulate	-
1422	scheiden	irregular	schied	geschieden	haben	divorce/separate	B1
1423	stillen	regular	-	-	UNSET	allay/breastfeed/calm	-
1424	verborgen	regular	-	-	UNSET	hidden	C1
1425	vergüten	regular	-	-	UNSET	compensate	-
1426	verhängen	regular	-	-	UNSET	impose/decree	C1
1427	zuschreiben	irregular	schrieb zu	zugeschrieben	haben	add by writing/ascribe/attribute	-
1428	zusehen	irregular	sah zu	zugesehen	haben	make sure/watch	C1
1429	anlaufen	irregular	lief an	angelaufen	sein	start up/begin	-
1430	anstecken	regular	-	-	UNSET	attach/become infected/broach	C1
1431	beilegen	regular	-	-	UNSET	attach/resolve/settle	-
1432	checken	regular	-	-	UNSET	check	A2
1433	ertragen	irregular	ertrug	ertragen	haben	bear/endure/take	B2
1434	kalkulieren	regular	-	-	UNSET	calculate/compute/figure	-
1435	täuschen	regular	-	-	UNSET	be mistaken/deceive/delude	-
1436	umgestalten	regular	-	-	UNSET	alter/rearrange/redesign	B2
1437	verfeinern	regular	-	-	UNSET	refine	-
1438	voranschreiten	irregular	schritt voran	vorangeschritten	sein	progress	-
1439	züchten	regular	-	-	UNSET	breed/cultivate	C1
1440	antun	irregular	tat an	angetan	haben	cause/do/dress	-
1441	ausgestalten	regular	-	-	UNSET	decorate/develop	-
1442	eindämmen	regular	-	-	UNSET	stem	-
1443	erachten	regular	-	-	UNSET	consider/deem	B2
1444	gutschreiben	irregular	schrieb gut	gutgeschrieben	haben	credit	-
1445	klarmachen	regular	-	-	UNSET	to get ready (a ship)/to make clear	B2
1446	mahnen	regular	-	-	UNSET	admonish/dun/exhort	-
1447	rekonstruieren	regular	-	-	UNSET	reconstruct	C1
1448	schnappen	regular	-	-	UNSET	catch/snap/snatch	B2
1449	zuschauen	regular	-	-	UNSET	watch	B1
1450	dringen	irregular	drang	gedrungen	sein	insist/penetrate	-
1451	einwirken	regular	-	-	UNSET	affect/appeal/influence	-
1452	erben	regular	-	-	UNSET	inherit	B2
1453	erstrahlen	regular	-	-	UNSET	glitter/shine/sparkle	-
1454	grenzen	regular	-	-	UNSET	border on	-
1455	protestieren	regular	-	-	UNSET	protest	B1
1456	säubern	regular	-	-	UNSET	clean	-
1457	schnuppern	regular	-	-	UNSET	get a taste of/sniff	-
1458	schwächen	regular	-	-	UNSET	weaken	-
1459	umsehen	irregular	sah um	umgesehen	haben	browse/look around	A2
1460	verunsichern	regular	-	-	UNSET	unsettle	B2
1461	wehen	regular	-	-	UNSET	blow/drift/waft	C1
1462	wiederkommen	irregular	kam wieder	wiedergekommen	sein	come back	-
1463	würzen	regular	-	-	UNSET	flavour/season	C1
1464	abgehen	irregular	ging ab	abgegangen	sein	come off/depart/be missing	C1
1465	abwenden	irregular	wandte ab	abgewandt	haben	avert/turn away/turn away from	-
1466	anschreiben	irregular	schrieb an	angeschrieben	haben	write/write down	-
1467	aushandeln	regular	-	-	UNSET	negotiate	C1
1468	einwilligen	regular	-	-	UNSET	consent/agree	-
1469	gastieren	regular	-	-	UNSET	perform as a guest	-
1470	paaren	regular	-	-	UNSET	couple/mate	-
1471	radeln	regular	-	-	UNSET	bike/cycle/ride a bicycle	-
1472	spinnen	irregular	spann	gesponnen	haben	be crazy/spin	C1
1473	symbolisieren	regular	-	-	UNSET	symbolise	-
1474	verkörpern	regular	-	-	UNSET	embody/impersonate/incarnate	C1
1475	baumeln	regular	-	-	UNSET	dangle	C1
1476	befüllen	regular	-	-	UNSET	fill	-
1477	bereuen	regular	-	-	UNSET	regret/repent/rue	A2
1478	bezweifeln	regular	-	-	UNSET	doubt	B2
1479	dekorieren	regular	-	-	UNSET	decorate	B1
1480	einpacken	regular	-	-	UNSET	wrap up	A1
1481	entschlüsseln	regular	-	-	UNSET	decipher/decode/decrypt	B2
1482	erregen	regular	-	-	UNSET	arouse/elicit/evoke	B2
1483	gleiten	irregular	glitt	geglitten	sein	float/glide/slide	-
1484	rangieren	regular	-	-	UNSET	rank/shunt	-
1485	scannen	regular	-	-	UNSET	scan	B1
1486	weitermachen	regular	-	-	UNSET	continue/go on/keep going	A1
1487	winken	regular	-	-	UNSET	beckon/expect/wave	B1
1488	zusprechen	irregular	sprach zu	zugesprochen	haben	comfort/confer/grant	-
1489	abgleichen	irregular	glich ab	abgeglichen	haben	reconcile	-
1490	archivieren	regular	-	-	UNSET	archive	-
1491	arrangieren	regular	-	-	UNSET	arrange	-
1492	auffrischen	regular	-	-	UNSET	freshen/refresh	-
1493	ausstehen	irregular	stand aus	ausgestanden	haben	be pending/endure	C1
1494	bemalen	regular	-	-	UNSET	paint	-
1495	einspeisen	regular	-	-	UNSET	feed in/inject	-
1496	herbeiführen	regular	-	-	UNSET	bring about/cause	-
1497	hinlegen	regular	-	-	UNSET	lay down/lie down/put down	A1
1498	hinzuziehen	irregular	zog hinzu	hinzugezogen	haben	consult	-
1499	klingeln	regular	-	-	UNSET	ring	A2
1500	spritzen	regular	-	-	UNSET	spray/inject	B2
1501	strecken	regular	-	-	UNSET	stretch	C1
1502	synchronisieren	regular	-	-	UNSET	synchronise	-
1503	unterdrücken	regular	-	-	UNSET	suppress/oppress	-
1504	verabreden	regular	-	-	UNSET	agree/arrange/make an appointment	A1
1505	verzahnen	regular	-	-	UNSET	interlock/mesh	-
1506	wappnen	regular	-	-	UNSET	forearm/prepare	-
1507	weglassen	irregular	ließ weg	weggelassen	haben	leave out/let go	C1
1508	abklären	regular	-	-	UNSET	clarify/clear up	-
1509	aufwachen	regular	-	-	sein	awake/wake up	B1
1510	ausschelten	irregular	schalt aus	ausgescholten	haben	scold	-
1511	befürworten	regular	-	-	UNSET	advocate/support	B2
1512	erschüttern	regular	-	-	UNSET	shake/shatter	C1
1513	lüften	regular	-	-	UNSET	air/ventilate	-
1514	vorhersagen	regular	-	-	UNSET	forecast/foretell/predict	B2
1515	wickeln	regular	-	-	UNSET	wrap/wind	-
1516	abwehren	regular	-	-	UNSET	fend off/defend	-
1517	entschuldigen	regular	-	-	UNSET	apologise/excuse	A1
1518	erahnen	regular	-	-	UNSET	guess/surmise	-
1519	handhaben	regular	-	-	UNSET	handle/operate	C1
1520	klassifizieren	regular	-	-	UNSET	classify/grade	-
1521	taufen	regular	-	-	UNSET	baptise/christen	B2
1522	umleiten	regular	-	-	UNSET	divert/redirect/reroute	-
1523	untermauern	regular	-	-	UNSET	substantiate/underpin	C1
1524	versäumen	regular	-	-	UNSET	miss/neglect	B1
1525	weinen	regular	-	-	UNSET	cry/weep	A2
1526	zurückschicken	regular	-	-	UNSET	return/send back	A1
1527	anfassen	regular	-	-	UNSET	touch	-
1528	atmen	regular	-	-	UNSET	breathe/respire	B1
1529	bedauern	regular	-	-	UNSET	lament/pity/regret	C1
1530	besiedeln	regular	-	-	UNSET	populate/settle	-
1531	digitalisieren	regular	-	-	UNSET	digitise	-
1532	downloaden	regular	-	-	UNSET	download	A2
1533	interagieren	regular	-	-	UNSET	interact	B2
1534	manipulieren	regular	-	-	UNSET	manipulate/rig	B2
1535	ragen	regular	-	-	UNSET	jut/stick/tower	-
1536	revolutionieren	regular	-	-	UNSET	revolutionise	B2
1537	sprengen	regular	-	-	UNSET	blow up/spray	C1
1538	stornieren	regular	-	-	UNSET	cancel/reverse	-
1539	umbenennen	irregular	benannte um	umbenannt	haben	rename	C1
1540	verschwenden	regular	-	-	UNSET	squander/waste	B1
1541	aufholen	regular	-	-	UNSET	catch up	-
1542	auspacken	regular	-	-	UNSET	unpack	A2
1543	beanstanden	regular	-	-	UNSET	complain about	-
1544	brüten	regular	-	-	UNSET	brood	-
1545	segnen	regular	-	-	UNSET	bless	-
1546	verkleinern	regular	-	-	UNSET	reduce/make smaller	-
1547	wegwerfen	irregular	warf weg	weggeworfen	haben	discard/throw away	A2
1548	zusammenleben	regular	-	-	UNSET	live together	A2
1549	abfallen	irregular	fiel ab	abgefallen	sein	decline/decrease/drop off	C1
1550	bedingen	regular	-	-	UNSET	cause	-
1551	erklimmen	irregular	erklomm	erklommen	haben	achieve/clamber/reach	C1
1552	ermuntern	regular	-	-	UNSET	animate/encourage/excite	C1
1553	fortschreiten	irregular	schritt fort	fortgeschritten	sein	advance/continue/proceed	-
1554	garen	regular	-	-	UNSET	cook	-
1555	herausnehmen	irregular	nahm heraus	herausgenommen	haben	take out/remove	-
1556	offenlegen	regular	-	-	UNSET	disclose/reveal/unfold	-
1557	ranken	regular	-	-	UNSET	climb/creep up/curl around	-
1558	regen	regular	-	-	UNSET	move/stir	-
1559	schwärmen	regular	-	-	UNSET	adore/swarm	C1
1560	segeln	regular	-	-	sein	glide/sail	A1
1561	vereinigen	regular	-	-	UNSET	band/coalesce/unify	C1
1562	verzieren	regular	-	-	UNSET	decorate/garnish	-
1563	zusichern	regular	-	-	UNSET	pledge/reassure	-
1564	ausrufen	irregular	rief aus	ausgerufen	haben	declare/exclaim/proclaim	-
1565	austreten	irregular	trat aus	ausgetreten	sein	leave/quit/resign	-
1566	befolgen	regular	-	-	UNSET	obey	-
1567	navigieren	regular	-	-	UNSET	navigate	-
1568	niederlegen	regular	-	-	UNSET	lay down/lie down	-
1569	schmelzen	irregular	schmolz	geschmolzen	sein	melt	-
1570	vormachen	regular	-	-	UNSET	demonstrate/pretend/fool	-
1571	wegnehmen	irregular	nahm weg	weggenommen	haben	take away/take up	-
1572	zerbrechen	irregular	zerbrach	zerbrochen	sein	break	-
1573	belassen	irregular	beließ	belassen	haben	leave	-
1574	bohren	regular	-	-	UNSET	bore/drill	-
1575	erwachen	regular	-	-	UNSET	awake/wake up	-
1576	hergeben	irregular	gab her	hergegeben	haben	give up	A2
1577	illustrieren	regular	-	-	UNSET	illustrate	-
1578	modifizieren	regular	-	-	UNSET	change/modify	-
1579	schälen	regular	-	-	UNSET	peel	A1
1580	shoppen	regular	-	-	UNSET	shop	A1
1581	spekulieren	regular	-	-	UNSET	speculate	C1
1582	spülen	regular	-	-	UNSET	rinse	A2
1583	umdrehen	regular	-	-	UNSET	flip/reverse/turn	B1
1584	veräußern	regular	-	-	UNSET	sell	-
1585	verdecken	regular	-	-	UNSET	conceal	-
1586	verwehren	regular	-	-	UNSET	bar/deny/refuse	-
1587	anmieten	regular	-	-	UNSET	rent	-
1588	anzünden	regular	-	-	UNSET	light/set on fire	B1
1589	betrauen	regular	-	-	UNSET	entrust	-
1590	beugen	regular	-	-	UNSET	bend/break/deflect	C1
1591	durchgehen	irregular	ging durch	durchgegangen	sein	go through/pass	-
1592	einkehren	regular	-	-	sein	come/set in/stop off	C1
1593	entgegentreten	irregular	trat entgegen	entgegengetreten	sein	confront/oppose	-
1594	entstammen	regular	-	-	UNSET	be descended from/come from	B2
1595	heraussuchen	regular	-	-	UNSET	pick sth. out/select	-
1596	hinziehen	irregular	zog hin	hingezogen	haben	drag on/pull toward	-
1597	kleiden	regular	-	-	UNSET	dress	-
1598	proben	regular	-	-	UNSET	rehearse	-
1599	zufügen	regular	-	-	UNSET	add/inflict	-
1600	abwechseln	regular	-	-	UNSET	alternate	C1
1601	ankurbeln	regular	-	-	UNSET	boost/crank up	-
1602	entschärfen	regular	-	-	UNSET	defuse	-
1603	krönen	regular	-	-	UNSET	crown	-
1604	limitieren	regular	-	-	UNSET	limit	-
1605	mitbestimmen	regular	-	-	UNSET	decide together	B2
1606	opfern	regular	-	-	UNSET	sacrifice	-
1607	streamen	regular	-	-	UNSET	stream	B1
1608	überbrücken	regular	-	-	UNSET	bridge	-
1609	verführen	regular	-	-	UNSET	seduce/tempt	-
1610	verlangsamen	regular	-	-	UNSET	slow	-
1611	verreisen	regular	-	-	sein	go away	A2
1612	versteuern	regular	-	-	UNSET	pay tax	-
1613	zusammenbrechen	irregular	brach zusammen	zusammengebrochen	sein	collapse	B2
1614	dulden	regular	-	-	UNSET	tolerate	-
1615	enthüllen	regular	-	-	UNSET	reveal/uncover/unveil	-
1616	kollidieren	regular	-	-	UNSET	clash/collide/conflict	-
1617	konkurrieren	regular	-	-	UNSET	compete/vie	-
1618	lächeln	regular	-	-	UNSET	grin/smile	A2
1619	mitfahren	irregular	fuhr mit	mitgefahren	sein	drive/go/ride	B1
1620	reihen	regular	-	-	UNSET	arrange/follow one another/heap	-
1621	verspielen	regular	-	-	UNSET	gamble away/make a mistake/play a bum note	C1
1622	abkommen	irregular	kam ab	abgekommen	sein	deviate/stray from	-
1623	abstatten	regular	-	-	UNSET	pay someone a visit/report to someone/thank someone	-
1624	aufschlagen	irregular	schlug auf	aufgeschlagen	haben	open	-
1625	bessern	regular	-	-	UNSET	better/improve	-
1626	entgegenkommen	irregular	kam entgegen	entgegengekommen	sein	approach/come towards/make someone concessions	B1
1627	gestehen	irregular	gestand	gestanden	haben	confess	B2
1628	personalisieren	regular	-	-	UNSET	personalise	-
1629	suggerieren	regular	-	-	UNSET	suggest	-
1630	verrichten	regular	-	-	UNSET	carry out/execute/perform	-
1631	zurückbringen	irregular	brachte zurück	zurückgebracht	haben	bring back	-
1632	ansammeln	regular	-	-	UNSET	accumulate/amass/hoard	B2
1633	falten	regular	-	-	UNSET	fold	C1
1634	kreisen	regular	-	-	UNSET	circle/circumgyrate	A1
1635	lockern	regular	-	-	UNSET	loosen/relax	C1
1636	pressen	regular	-	-	UNSET	press/push/squeeze	-
1637	schreiten	irregular	schritt	geschritten	sein	stride	-
1638	vorsorgen	regular	-	-	UNSET	make provision	-
1639	zumuten	regular	-	-	UNSET	demand/expect	-
1640	zweifeln	regular	-	-	UNSET	doubt	B1
1641	abschreiben	irregular	schrieb ab	abgeschrieben	haben	copy/plagiarise/transcribe	B2
1642	abtragen	irregular	trug ab	abgetragen	haben	clean up/pay off/remove	-
1643	addieren	regular	-	-	UNSET	add	-
1644	anvertrauen	regular	-	-	UNSET	commit/confide/entrust	C1
1645	auslagern	regular	-	-	UNSET	relocate	-
1646	ausloben	regular	-	-	UNSET	offer a prize/offer a reward	-
1647	ausloten	regular	-	-	UNSET	fathom/test the waters	-
1648	ausruhen	regular	-	-	UNSET	rest	A2
1649	boomen	regular	-	-	UNSET	boom	B2
1650	einbüßen	regular	-	-	UNSET	lose	-
1651	einspringen	irregular	sprang ein	eingesprungen	sein	help out/step in for/substitute	-
1652	fortschreiben	irregular	schrieb fort	fortgeschrieben	haben	continue/update	-
1653	quälen	regular	-	-	UNSET	harry/put about/torture	-
1654	reformieren	regular	-	-	UNSET	reform	B2
1655	reiben	irregular	rieb	gerieben	haben	chafe/grate/rub	-
1656	schlendern	regular	-	-	UNSET	mooch/stroll	B2
1657	spendieren	regular	-	-	UNSET	pay for/spend	-
1658	stürmen	regular	-	-	UNSET	invade/rush/storm	B2
1659	tilgen	regular	-	-	UNSET	erase/pay off/remove	-
1660	umbringen	irregular	brachte um	umgebracht	haben	commit suicide/kill/kill oneself	B2
1661	verwerfen	irregular	verwarf	verworfen	haben	discard/dismiss/reject	-
1662	zurechnen	regular	-	-	UNSET	ascribe	-
1663	dämpfen	regular	-	-	UNSET	alleviate/damp/lessen	-
1664	durchdringen	irregular	durchdrang	durchdrungen	sein	fathom out/penetrate/permeate	-
1665	einstimmen	regular	-	-	UNSET	tune	-
1666	hassen	regular	-	-	UNSET	hate	B1
1667	häufen	regular	-	-	UNSET	accumulate/pile up/stack	-
1668	klarkommen	irregular	kam klar	klargekommen	sein	manage/cope	B1
1669	protokollieren	regular	-	-	UNSET	enter in the minutes/keep the record/protocol	-
1670	reifen	regular	-	-	sein	ripen/mature	B2
1671	reiten	irregular	ritt	geritten	sein	ride/ride on horseback	A2
1672	resümieren	regular	-	-	UNSET	summarise	-
1673	taugen	regular	-	-	UNSET	be good for	-
1674	verklagen	regular	-	-	UNSET	sue	B2
1675	verkraften	regular	-	-	UNSET	cope with/deal with/handle	C1
1676	verorten	regular	-	-	UNSET	file/locate	-
1677	versinken	irregular	versank	versunken	sein	sink	B2
1678	verwahren	regular	-	-	UNSET	keep/store	-
1679	zerlegen	regular	-	-	UNSET	analyse/cut up/dismantle	A1
1680	zusammenfügen	regular	-	-	UNSET	fit together/join together	C1
1681	absenken	regular	-	-	UNSET	deepen/layer/lower	-
1682	bestreben	regular	-	-	UNSET	endeavor/endeavour	-
1683	expandieren	regular	-	-	UNSET	expand	-
1684	fernhalten	irregular	hielt fern	ferngehalten	haben	avert/keep away/parry	-
1685	flankieren	regular	-	-	UNSET	flank	-
1686	leeren	regular	-	-	UNSET	empty	A2
1687	ordern	regular	-	-	UNSET	order	-
1688	rauben	regular	-	-	UNSET	plunder/rob	-
1689	recyceln	regular	-	-	UNSET	recycle	B1
1690	ringen	irregular	rang	gerungen	haben	wrestle/wrestle with oneself/wring one's hands	-
1691	schlucken	regular	-	-	UNSET	swallow	-
1692	schmieden	regular	-	-	UNSET	forge	-
1693	überziehen	irregular	zog über	übergezogen	haben	cover/overdraw	-
1694	umlegen	regular	-	-	UNSET	distribute/flip (switch)	-
1695	validieren	regular	-	-	UNSET	validate	-
1696	veranschlagen	regular	-	-	UNSET	estimate	-
1697	verneinen	regular	-	-	UNSET	deny/answer no	-
1698	verrühren	regular	-	-	UNSET	mix	-
1699	verweilen	regular	-	-	UNSET	abide/dwell/linger	-
1700	verwundern	regular	-	-	UNSET	astonish/surprise	C1
1701	zurücklassen	irregular	ließ zurück	zurückgelassen	haben	leave behind/let/maroon	B2
1702	zuspitzen	regular	-	-	UNSET	come to a head/sharpen	-
1703	angliedern	regular	-	-	UNSET	incorporate	-
1704	ausliegen	irregular	lag aus	ausgelegen	haben	be on display	-
1705	bekunden	regular	-	-	UNSET	declare/express/show	-
1706	eingrenzen	regular	-	-	UNSET	enclose/limit	B2
1707	einmischen	regular	-	-	UNSET	interfere/meddle/mix into	C1
1708	explodieren	regular	-	-	sein	explode	C1
1709	nachgeben	irregular	gab nach	nachgegeben	haben	give in/yield	-
1710	offerieren	regular	-	-	UNSET	offer	-
1711	provozieren	regular	-	-	UNSET	provoke	-
1712	schütteln	regular	-	-	UNSET	shake	B1
1713	standardisieren	regular	-	-	UNSET	standardise	-
1714	verbannen	regular	-	-	UNSET	banish/exile/relegate	-
1715	verderben	irregular	verdarb	verdorben	sein	decay/ruin/spoil	-
1716	verkleiden	regular	-	-	UNSET	disguise/dress up	-
1717	verschonen	regular	-	-	UNSET	spare	-
1718	abverlangen	regular	-	-	UNSET	demand	C1
1719	ausrollen	regular	-	-	UNSET	roll out	-
1720	begraben	irregular	begrub	begraben	haben	bury	-
1721	braten	irregular	briet	gebraten	haben	fry/roast	A2
1722	entgegensetzen	regular	-	-	UNSET	counter/oppose/reply	C1
1723	grillen	regular	-	-	UNSET	barbecue/grill/roast in the sun	A1
1724	heizen	regular	-	-	UNSET	heat	A2
1725	mitkommen	irregular	kam mit	mitgekommen	sein	accompany/understand	A1
1726	stapeln	regular	-	-	UNSET	pile up/stack	-
1727	verdichten	regular	-	-	UNSET	condense	-
1728	wehtun	irregular	tat weh	wehgetan	haben	hurt	A1
1729	zusetzen	regular	-	-	UNSET	add/afflict/badger	-
1730	abbuchen	regular	-	-	UNSET	debit	-
1731	abfangen	irregular	fing ab	abgefangen	haben	intercept/repel	-
1732	belehren	regular	-	-	UNSET	correct/inform/undeceive	C1
1733	beschneiden	irregular	beschnitt	beschnitten	haben	circumcise/cut/trim	-
1734	distanzieren	regular	-	-	UNSET	distance oneself/dissociate	B2
1735	einstecken	regular	-	-	UNSET	put in/pocket/take	B2
1736	entspringen	irregular	entsprang	entsprungen	haben	originate/spring	-
1737	erzwingen	irregular	erzwang	erzwungen	haben	coerce/enforce/force	B2
1738	forcieren	regular	-	-	UNSET	expedite	-
1739	fundieren	regular	-	-	UNSET	substantiate/ground	-
1740	interviewen	regular	-	-	UNSET	interview	-
1741	kreuzen	regular	-	-	UNSET	beat about/cross/cross one's legs	-
1742	schüren	regular	-	-	UNSET	incite/poke/stoke	-
1743	veralten	regular	-	-	sein	become obsolete/become outdated	-
1744	verschönern	regular	-	-	UNSET	beautify/embellish	-
1745	vordringen	irregular	drang vor	vorgedrungen	sein	advance/expand/extend	-
1746	wertschätzen	regular	-	-	UNSET	appreciate/value	C1
1747	zurückrufen	irregular	rief zurück	zurückgerufen	haben	call back/recall	A2
1748	abschicken	regular	-	-	UNSET	dispatch/mail/post	-
1749	anbahnen	regular	-	-	UNSET	be in the offing/initiate/pave the way	-
1750	assoziieren	regular	-	-	UNSET	align/ally/associate	-
1751	ausgrenzen	regular	-	-	UNSET	exclude/marginalise/ostracise	-
1752	auslasten	regular	-	-	UNSET	occupy fully/use to capacity	-
1753	ausrechnen	regular	-	-	UNSET	calculate/work out for oneself	-
1754	beschimpfen	regular	-	-	UNSET	insult/swear at	-
1755	besteigen	irregular	bestieg	bestiegen	haben	climb	B2
1756	blasen	irregular	blies	geblasen	haben	blow	-
1757	entlarven	regular	-	-	UNSET	uncover/unmask	C1
1758	graben	irregular	grub	gegraben	haben	dig	-
1759	klauen	regular	-	-	UNSET	steal	B2
1760	konsultieren	regular	-	-	UNSET	consult	-
1761	profilieren	regular	-	-	UNSET	distinguish/gain/make one's mark	-
1762	runden	regular	-	-	UNSET	round	B1
1763	saugen	regular	-	-	UNSET	suck	C1
1764	unterlassen	irregular	unterließ	unterlassen	haben	refrain from/omit	B1
1765	verehren	regular	-	-	UNSET	admire/adore/honour	-
1766	verstellen	regular	-	-	UNSET	adjust/block/disguise	C1
1767	verüben	regular	-	-	UNSET	carry out/commit/perpetrate	-
1768	ablassen	irregular	ließ ab	abgelassen	haben	drain/release/desist from	-
1769	abrutschen	regular	-	-	UNSET	slip off	-
1770	abtreten	irregular	trat ab	abgetreten	sein	cede/step down/resign	-
1771	anfreunden	regular	-	-	UNSET	accept/befriend/get used to	C1
1772	anschlagen	irregular	schlug an	angeschlagen	haben	post/strike	-
1773	attackieren	regular	-	-	UNSET	attack	B2
1774	ausschütten	regular	-	-	UNSET	distribute/spill	C1
1775	ausverkaufen	regular	-	-	UNSET	sell off/sell out	-
1776	daherkommen	irregular	kam daher	dahergekommen	sein	come along/go around	B2
1777	einstehen	irregular	stand ein	eingestanden	haben	answer for/stand up for/take reponsibility for	-
1778	entsenden	regular	-	-	UNSET	dispatch	-
1779	erwägen	irregular	erwog	erwogen	haben	consider/ponder	-
1780	herausfiltern	regular	-	-	UNSET	filter out/sift out	B2
1781	stolpern	regular	-	-	sein	stumble	C1
1782	verrechnen	regular	-	-	UNSET	enter/miscalculate/offset	-
1783	verschlingen	irregular	verschlang	verschlungen	haben	devour/gobble (up)/swallow (up)	C1
1784	zelebrieren	regular	-	-	UNSET	celebrate	-
1785	abschieben	irregular	schob ab	abgeschoben	haben	deport/dump/get rid of	-
1786	absterben	irregular	starb ab	abgestorben	sein	necrotise	-
1787	aufrüsten	regular	-	-	UNSET	arm/increase armament/upgrade	-
1788	aussortieren	regular	-	-	UNSET	separate out/sort out/winnow	-
1789	beschlagnahmen	regular	-	-	UNSET	confiscate/seize	-
1790	einrechnen	regular	-	-	UNSET	factor in/include	-
1791	eintippen	regular	-	-	UNSET	type in	-
1792	eskalieren	regular	-	-	UNSET	escalate	-
1793	grüßen	regular	-	-	UNSET	greet/remember	A1
1794	gutmachen	regular	-	-	UNSET	correct	C1
1795	herabsetzen	regular	-	-	UNSET	abate/belittle/reduce	-
1796	plagen	regular	-	-	UNSET	plague	B2
1797	verspüren	regular	-	-	UNSET	feel/perceive/sense	C1
1798	widerlegen	regular	-	-	UNSET	disprove	C1
1799	wiedererkennen	irregular	erkannte wieder	wiedererkannt	haben	recognise	B2
1800	andenken	irregular	dachte an	angedacht	haben	think of/commemorate	-
1801	aufwenden	irregular	wandte auf	aufgewandt	haben	expend/spend/take	-
1802	auswandern	regular	-	-	sein	emigrate	B2
1803	bedecken	regular	-	-	UNSET	bespread/cover/overlay	B2
1804	beflügeln	regular	-	-	UNSET	buoy/spur	-
1805	betrügen	irregular	betrog	betrogen	haben	cheat/deceive	B1
1806	dabeihaben	regular	-	-	UNSET	have there/have with	A2
1807	eingliedern	regular	-	-	UNSET	incorporate	-
1808	einschlafen	irregular	schlief ein	eingeschlafen	sein	fall asleep/go to sleep/pass away	A1
1809	ergründen	regular	-	-	UNSET	determine/fathom/find out	-
1810	gestatten	regular	-	-	UNSET	allow/permit	-
1811	hegen	regular	-	-	UNSET	cherish/have/look after	C1
1812	kandidieren	regular	-	-	UNSET	be a candidate/contest/run for	-
1813	konvertieren	regular	-	-	UNSET	convert	-
1814	ratifizieren	regular	-	-	UNSET	ratify	-
1815	rügen	regular	-	-	UNSET	reprimand/reprove	-
1816	säumen	regular	-	-	UNSET	line/delay	-
1817	schreien	irregular	schrie	geschrien	haben	scream/shout	B1
1818	streifen	regular	-	-	UNSET	brush/stroke/wander	-
1819	verdauen	regular	-	-	UNSET	digest/stomach	-
1820	vermessen	irregular	vermaß	vermessen	haben	cross the line/map/survey	B2
1821	zusammentun	irregular	tat zusammen	zusammengetan	haben	add together/join up	-
1822	abschwächen	regular	-	-	UNSET	weaken	B2
1823	annähern	regular	-	-	UNSET	approach/approximate/get friendly	C1
1824	beißen	irregular	biss	gebissen	haben	bite/burn/itch	B1
1825	bekleiden	regular	-	-	UNSET	dress/hold	-
1826	beleidigen	regular	-	-	UNSET	affront/insult/offend	B1
1827	dazugehören	regular	-	-	UNSET	belong to something	A1
1828	durchschauen	regular	-	-	UNSET	see clearly/see through	C1
1829	einberufen	irregular	berief ein	einberufen	haben	conscript/convene/convoke	-
1830	fesseln	regular	-	-	UNSET	attract/captivate/chain	-
1831	fortbewegen	regular	-	-	UNSET	move/remove	-
1832	fortfahren	irregular	fuhr fort	fortgefahren	sein	continue/drive away	C1
1833	herankommen	irregular	kam heran	herangekommen	sein	approach/come close	-
1834	hinbekommen	irregular	bekam hin	hinbekommen	haben	fix/manage	-
1835	rekrutieren	regular	-	-	UNSET	recruit	-
1836	schwinden	irregular	schwand	geschwunden	haben	diminish/dwindle/fade out	C1
1837	schwören	irregular	schwor	geschworen	haben	swear	B2
1838	transformieren	regular	-	-	UNSET	transform	-
1839	überliefern	regular	-	-	UNSET	hand down	-
1840	verstopfen	regular	-	-	UNSET	clog/plug	C1
1841	weihen	regular	-	-	UNSET	be bound/be destined/consecrate	-
1842	widerstehen	irregular	widerstand	widerstanden	haben	resist/withstand	C1
1843	zurückmelden	regular	-	-	UNSET	be back/get back/report back	-
1844	abwerfen	irregular	warf ab	abgeworfen	haben	throw off/drop/yield	-
1845	anklagen	regular	-	-	UNSET	accuse/attach/charge	C1
1846	anliegen	irregular	lag an	angelegen	haben	concern/matter to/lie against	-
1847	besiegeln	regular	-	-	UNSET	seal/finalize	-
1848	datieren	regular	-	-	UNSET	date	-
1849	durchqueren	regular	-	-	UNSET	cross/ford/traverse	-
1850	einweisen	irregular	wies ein	eingewiesen	haben	brief/commit/instruct	C1
1851	hauen	regular	-	-	UNSET	hit	-
1852	marschieren	regular	-	-	UNSET	march	-
1853	missachten	regular	-	-	UNSET	despise/disregard/flout	C1
1854	porträtieren	regular	-	-	UNSET	portray	-
1855	schwitzen	regular	-	-	UNSET	sweat	B1
1856	streicheln	regular	-	-	UNSET	stroke/pet	-
1857	umschreiben	irregular	umschrieb	umschrieben	haben	circumscribe/paraphrase	C1
1858	versprühen	regular	-	-	UNSET	spray	-
1859	verwickeln	regular	-	-	UNSET	entangle/involve	C1
1860	weiterverarbeiten	regular	-	-	UNSET	process	-
1861	wischen	regular	-	-	UNSET	wipe	B1
1862	abstürzen	regular	-	-	sein	crash	-
1863	avancieren	regular	-	-	UNSET	advance/be promoted	B2
1864	bejahen	regular	-	-	UNSET	answer something in the affirmative/approve	C1
1865	bewerkstelligen	regular	-	-	UNSET	accomplish	-
1866	blättern	regular	-	-	UNSET	leaf through/turn pages	C1
1867	dämmen	regular	-	-	UNSET	dam/insulate/isolate	-
1868	einfrieren	irregular	fror ein	eingefroren	sein	freeze	B2
1869	hingeben	irregular	gab hin	hingegeben	haben	hand over	-
1870	partizipieren	regular	-	-	UNSET	participate	-
1871	schleppen	regular	-	-	UNSET	carry/drag/schlep	B1
1872	scrollen	regular	-	-	UNSET	scroll	C1
1873	signieren	regular	-	-	UNSET	sign	-
1874	trösten	regular	-	-	UNSET	comfort/console	B2
1875	verinnerlichen	regular	-	-	UNSET	internalise	-
1876	verschweigen	irregular	verschwieg	verschwiegen	haben	conceal	-
1877	vorbringen	irregular	brachte vor	vorgebracht	haben	bring forward/put forward/state	-
1878	wiedersehen	irregular	sah wieder	wiedergesehen	haben	meet again	-
1879	anbraten	irregular	briet an	angebraten	haben	sear/brown	C1
1880	anstrengen	regular	-	-	UNSET	make an effort/try hard	-
1881	auflaufen	irregular	lief auf	aufgelaufen	sein	run up/accumulate	-
1882	auswechseln	regular	-	-	UNSET	change/exchange/substitute	-
1883	delegieren	regular	-	-	UNSET	delegate/depute	-
1884	einlagern	regular	-	-	UNSET	store	-
1885	konstatieren	regular	-	-	UNSET	ascertain/note/state	-
1886	schlummern	regular	-	-	UNSET	slumber/doze	-
1887	stimulieren	regular	-	-	UNSET	stimulate	-
1888	thronen	regular	-	-	UNSET	sit enthroned	-
1889	vererben	regular	-	-	UNSET	bequeath/pass on	B2
1890	weiten	regular	-	-	UNSET	widen/expand	-
1891	zurückbekommen	irregular	bekam zurück	zurückbekommen	haben	get back/retrieve	-
1892	zurücklehnen	regular	-	-	UNSET	lean/lounge/recline	-
1893	abräumen	regular	-	-	UNSET	clear away	B1
1894	artikulieren	regular	-	-	UNSET	articulate	-
1895	aufdrehen	regular	-	-	UNSET	get going/open/turn on	C1
1896	belästigen	regular	-	-	UNSET	harass/bother	C1
1897	beschenken	regular	-	-	UNSET	gift	C1
1898	deklarieren	regular	-	-	UNSET	declare	-
1899	festmachen	regular	-	-	UNSET	fasten/fix/moor	-
1900	mähen	regular	-	-	UNSET	mow	-
1901	multiplizieren	regular	-	-	UNSET	multiply	-
1902	nachsehen	irregular	sah nach	nachgesehen	haben	check/look up	-
1903	überbringen	irregular	überbrachte	überbracht	haben	deliver	-
1904	verdreifachen	regular	-	-	UNSET	treble/triple	-
1905	verschlagen	irregular	verschlug	verschlagen	haben	drive/carry off/end up	-
1906	vollbringen	irregular	vollbrachte	vollbracht	haben	accomplish/complete/finish off	C1
1907	zocken	regular	-	-	UNSET	gamble	C1
1908	abfließen	irregular	floss ab	abgeflossen	sein	drain	-
1909	ableisten	regular	-	-	UNSET	complete/do/fulfil	-
1910	aufzählen	regular	-	-	UNSET	enumerate/list	-
1911	beschützen	regular	-	-	UNSET	protect	A2
1912	bestreuen	regular	-	-	UNSET	sprinkle	C1
1913	bezwingen	irregular	bezwang	bezwungen	haben	beat/defeat/overcome	C1
1914	drosseln	regular	-	-	UNSET	choke/curb/throttle	-
1915	einatmen	regular	-	-	UNSET	breath in/inhale	B2
1916	einchecken	regular	-	-	UNSET	check in	-
1917	einwerben	irregular	warb ein	eingeworben	haben	raise (funds)	-
1918	köcheln	regular	-	-	UNSET	simmer	C1
1919	krachen	regular	-	-	UNSET	crack/crash	-
1920	leugnen	regular	-	-	UNSET	deny	-
1921	lügen	irregular	log	gelogen	haben	lie	A2
1922	mitgehen	irregular	ging mit	mitgegangen	sein	accompany/go along	-
1923	mithaben	regular	-	-	UNSET	have something with one	-
1924	mitreißen	irregular	riss mit	mitgerissen	haben	carry away/entrain/fill with enthusiasm	C1
1925	regenerieren	regular	-	-	UNSET	recover/regenerate	C1
1926	schrauben	regular	-	-	UNSET	screw	-
1927	stagnieren	regular	-	-	UNSET	stagnate	-
1928	umtauschen	regular	-	-	UNSET	exchange	B1
1929	unterstehen	irregular	unterstand	unterstanden	haben	be subordinate to/dare	-
1930	verschlimmern	regular	-	-	UNSET	aggravate/get worse/worsen	-
1931	wegziehen	irregular	zog weg	weggezogen	sein	move away/pull away	C1
1932	zerfallen	irregular	zerfiel	zerfallen	sein	decay/dilapidate/disintegrate	B2
1933	ausbremsen	regular	-	-	UNSET	slow down/thwart	B2
1934	ausschauen	regular	-	-	UNSET	appear/look/look out	-
1935	austeilen	regular	-	-	UNSET	distribute	B2
1936	billigen	regular	-	-	UNSET	agree/approve/assent	-
1937	dazukommen	irregular	kam dazu	dazugekommen	sein	arrive/be added	A2
1938	entfachen	regular	-	-	UNSET	arouse/ignite/kindle	-
1939	ertönen	regular	-	-	UNSET	ring out/sound	C1
1940	fegen	regular	-	-	UNSET	sweep clean	-
1941	freihalten	irregular	hielt frei	freigehalten	haben	keep free/reserve	B1
1942	frühstücken	regular	-	-	UNSET	have breakfast	A1
1943	glätten	regular	-	-	UNSET	smooth/unwrinkle	-
1944	hinsehen	irregular	sah hin	hingesehen	haben	look	B2
1945	irritieren	regular	-	-	UNSET	confuse/disturb/irritate	B2
1946	losfahren	irregular	fuhr los	losgefahren	sein	set off/depart	A1
1947	pendeln	regular	-	-	UNSET	commute/oscillate/shuttle	A2
1948	perfektionieren	regular	-	-	UNSET	perfect	B2
1949	säen	regular	-	-	UNSET	sow	-
1950	skalieren	regular	-	-	UNSET	scale	-
1951	tendieren	regular	-	-	UNSET	tend	-
1952	ticken	regular	-	-	UNSET	tap/tick	B2
1953	tolerieren	regular	-	-	UNSET	accept/allow/tolerate	-
1954	trauern	regular	-	-	UNSET	mourn	-
1955	trotzen	regular	-	-	UNSET	affront/brave/defy	-
1956	trüben	regular	-	-	UNSET	cloud/tarnish	C1
1957	verleiten	regular	-	-	UNSET	lead astray/tempt	-
1958	vernehmen	irregular	vernahm	vernommen	haben	examine/hear/interrogate	-
1959	vorenthalten	irregular	enthielt vor	vorenthalten	haben	keep/withhold	-
1960	wachen	regular	-	-	UNSET	watch over	-
1961	wetten	regular	-	-	UNSET	bet	B1
1962	akquirieren	regular	-	-	UNSET	acquire	-
1963	altern	regular	-	-	sein	age/get older/grow old	C1
1964	aufspielen	regular	-	-	UNSET	show off	-
1965	aufwärmen	regular	-	-	UNSET	warm up	B2
1966	deinstallieren	regular	-	-	UNSET	uninstall	-
1967	einen	regular	-	-	UNSET	unite	A2
1968	einwerfen	irregular	warf ein	eingeworfen	haben	interject/smash	B2
1969	entfliehen	irregular	entfloh	entflohen	sein	escape/flee/fly past	B2
1970	entgegenbringen	irregular	brachte entgegen	entgegengebracht	haben	show/extend toward	B2
1971	erliegen	irregular	erlag	erlegen	haben	succumb	C1
1972	fahnden	regular	-	-	UNSET	search for	-
1973	favorisieren	regular	-	-	UNSET	favour	-
1974	firmieren	regular	-	-	UNSET	trade under the name	-
1975	hüpfen	regular	-	-	UNSET	hop/jump	C1
1976	immatrikulieren	regular	-	-	UNSET	enrol/matriculate	-
1977	knallen	regular	-	-	UNSET	bang/slam	-
1978	lokalisieren	regular	-	-	UNSET	localise/locate	-
1979	mixen	regular	-	-	UNSET	mix	-
1980	verdammen	regular	-	-	UNSET	condemn/damn	-
1981	verteuern	regular	-	-	UNSET	go up/raise the price	C1
1982	absenden	regular	-	-	UNSET	send/dispatch	-
1983	anfügen	regular	-	-	UNSET	add/append/attach	B2
1984	angleichen	irregular	glich an	angeglichen	haben	adapt/adjust/assimilate	-
1985	anonymisieren	regular	-	-	UNSET	anonymise	-
1986	ausstoßen	irregular	stieß aus	ausgestoßen	haben	eject/emit/expel	-
1987	befeuern	regular	-	-	UNSET	be lighted/fire upon/fuel	-
1988	deportieren	regular	-	-	UNSET	deport	-
1989	duften	regular	-	-	UNSET	smell nice	B1
1990	einbehalten	irregular	behielt ein	einbehalten	haben	retain/withhold	-
1991	erschöpfen	regular	-	-	UNSET	exhaust	-
1992	gruppieren	regular	-	-	UNSET	group	-
1993	herrichten	regular	-	-	UNSET	prepare	C1
1994	hetzen	regular	-	-	UNSET	rush/incite	B2
1995	jubeln	regular	-	-	UNSET	cheer	C1
1996	klopfen	regular	-	-	UNSET	beat/knock/tap	A1
1997	kultivieren	regular	-	-	UNSET	cultivate/grow	-
1998	nachbilden	regular	-	-	UNSET	reproduce	-
1999	relativieren	regular	-	-	UNSET	qualify/relativise	-
2000	rocken	regular	-	-	UNSET	rock	C1
2001	schleudern	regular	-	-	UNSET	catapult/fishtail/hurl	-
2002	streiken	regular	-	-	UNSET	be on strike/conk out/strike	B1
2003	überfallen	irregular	überfiel	überfallen	sein	assault/attack/invade	C1
2004	überschlagen	irregular	überschlug	überschlagen	haben	calculate/calculate roughly/crack	-
2005	umreißen	irregular	riss um	umgerissen	haben	outline/sketch	-
2006	unterordnen	regular	-	-	UNSET	subordinate	C1
2007	verschulden	regular	-	-	UNSET	cause/get into debt/go into debt	C1
2008	versteigern	regular	-	-	UNSET	auction/auction off	-
2009	vorzeigen	regular	-	-	UNSET	produce/show	-
2010	walten	regular	-	-	UNSET	rule over	C1
2011	zurückschrecken	regular	-	-	UNSET	recoil	C1
2012	zusammentreten	irregular	trat zusammen	zusammengetreten	sein	convene/crush underfoot/give a severe kicking	-
2013	abfüllen	regular	-	-	UNSET	bag/bottle/fill	-
2014	abtöten	regular	-	-	UNSET	deaden/devitalise/kill	-
2015	abwiegen	irregular	wog ab	abgewogen	haben	weigh out/weigh up	-
2016	anlangen	regular	-	-	UNSET	arrive/concern/touch	-
2017	anmuten	regular	-	-	UNSET	seem	C1
2018	anpreisen	irregular	pries an	angepriesen	haben	advertise/praise/recommend	-
2019	aufschließen	irregular	schloss auf	aufgeschlossen	haben	unlock/catch up	-
2020	ausrücken	regular	-	-	UNSET	disengage/go on a mission/march out	-
2021	bahnen	regular	-	-	UNSET	pave (a road)	-
2022	beschriften	regular	-	-	UNSET	label	B2
2023	chatten	regular	-	-	UNSET	chat	A2
2024	dehnen	regular	-	-	UNSET	dilate/expand/extend	C1
2025	eilen	regular	-	-	UNSET	be urgent/hurry	B1
2026	eingestehen	irregular	gestand ein	eingestanden	haben	admit/confess	B2
2027	entlohnen	regular	-	-	UNSET	pay/remunerate	-
2028	erschrecken	irregular	erschrak	erschrocken	sein	frighten/scare/startle	B1
2029	extrahieren	regular	-	-	UNSET	extract	-
2030	feuern	regular	-	-	UNSET	fire	C1
2031	formatieren	regular	-	-	UNSET	format	-
2032	hinwirken	regular	-	-	UNSET	work towards	-
2033	lackieren	regular	-	-	UNSET	paint/spray/varnish	-
2034	legitimieren	regular	-	-	UNSET	legitimise	-
2035	pausieren	regular	-	-	UNSET	pause	-
2036	priorisieren	regular	-	-	UNSET	prioritise	-
2037	projizieren	regular	-	-	UNSET	project	-
2038	reproduzieren	regular	-	-	UNSET	replicate	B2
2039	schmeißen	irregular	schmiss	geschmissen	haben	chuck/deal/drop	B2
2040	spicken	regular	-	-	UNSET	bribe/cheat/lard	-
2041	sponsern	regular	-	-	UNSET	sponsor	-
2042	überfluten	regular	-	-	UNSET	deluge/drown/flood	-
2043	überlasten	regular	-	-	UNSET	overcharge/overload	-
2044	überragen	regular	-	-	UNSET	be taller than/outclass/outshine	-
2045	verharren	regular	-	-	UNSET	keep/remain	-
2046	vorherrschen	regular	-	-	UNSET	prevail	-
2047	zerkleinern	regular	-	-	UNSET	chop/crush/grind	C1
2048	zumachen	regular	-	-	UNSET	close/hurry up/shut	A1
2049	zusammenziehen	irregular	zog zusammen	zusammengezogen	haben	add/contract/join	B1
2050	abklingen	irregular	klang ab	abgeklungen	haben	subside/fade away	-
2051	abtauchen	regular	-	-	UNSET	descend/disappear/duck	-
2052	attestieren	regular	-	-	UNSET	certify/confirm	-
2053	beherzigen	regular	-	-	UNSET	take to heart	-
2054	bereinigen	regular	-	-	UNSET	clear up/iron out/settle	C1
2055	beschuldigen	regular	-	-	UNSET	accuse	-
2056	besteuern	regular	-	-	UNSET	tax	-
2057	bevölkern	regular	-	-	UNSET	populate	-
2058	einwenden	irregular	wandte ein	eingewandt	haben	object	B2
2059	eliminieren	regular	-	-	UNSET	eliminate	-
2060	entweichen	irregular	entwich	entwichen	haben	escape	-
2061	erraten	irregular	erriet	erraten	haben	guess/right	-
2062	feilen	regular	-	-	UNSET	file/polish	-
2063	frieren	irregular	fror	gefroren	haben	freeze	B1
2064	hochziehen	irregular	zog hoch	hochgezogen	haben	latch on to something/lift/raise	-
2065	kratzen	regular	-	-	UNSET	scratch	-
2066	meckern	regular	-	-	UNSET	grumble/complain	B1
2067	nachahmen	regular	-	-	UNSET	copy/imitate	C1
2068	predigen	regular	-	-	UNSET	call for/preach	-
2069	reinschauen	regular	-	-	UNSET	look in/stop by	-
2070	stauen	regular	-	-	UNSET	build up/dam up/stow	-
2071	stricken	regular	-	-	UNSET	knit	-
2072	summieren	regular	-	-	UNSET	add up/sum up/tally up	-
2073	überfahren	irregular	überfuhr	überfahren	haben	run over/drive across	B1
2074	überwältigen	regular	-	-	UNSET	overcome/overwhelm	-
2075	überwintern	regular	-	-	UNSET	hibernate/overwinter/spend the winter	-
2076	umrüsten	regular	-	-	UNSET	adapt/re-equipe	-
2077	vorbeiziehen	irregular	zog vorbei	vorbeigezogen	haben	outrun/pass/pass by	-
2078	werkeln	regular	-	-	UNSET	potter about	-
2079	zurückstellen	regular	-	-	UNSET	defer/postpone/put back	-
2080	abändern	regular	-	-	UNSET	alter/change	-
2081	abdrucken	regular	-	-	UNSET	print/reproduce	-
2082	anfechten	irregular	focht an	angefochten	haben	appeal/contest	-
2083	anmachen	regular	-	-	UNSET	turn on/start	A1
2084	aufdrängen	regular	-	-	UNSET	impose/obtrude	-
2085	bewachen	regular	-	-	UNSET	guard	A2
2086	durchforsten	regular	-	-	UNSET	scour	C1
2087	eindecken	regular	-	-	UNSET	cover/lay/prepare	-
2088	entschädigen	regular	-	-	UNSET	compensate/make up for	-
2089	ersticken	regular	-	-	sein	suffocate	-
2090	flattern	regular	-	-	UNSET	flutter	-
2091	großschreiben	irregular	schrieb groß	großgeschrieben	haben	capitalise/shift	-
2092	herangehen	irregular	ging heran	herangegangen	sein	approach	C1
2093	kriechen	irregular	kroch	gekrochen	sein	crawl/creep/slither	-
2094	kursieren	regular	-	-	UNSET	circulate	-
2095	leidtun	irregular	tat leid	leidgetan	haben	be sorry	A1
2096	nachbauen	regular	-	-	UNSET	copy/reproduce	-
2097	nachmachen	regular	-	-	UNSET	copy/imitate	-
2098	nachsagen	regular	-	-	UNSET	repeat	-
2099	nachstellen	regular	-	-	UNSET	stalk/recreate/readjust	-
2100	pachten	regular	-	-	UNSET	lease	-
